article_number,article_description,revenue
472,grenoble c8 h53 001 s8 hmb (m) connect,743
434,grenoble  c7+ h57 480 h7 hmb (m),1358
240,arroyo c7  l57 886 s7 hmb elite usa,540
452,heavydutynl c5 h54 690 h5 hmb belt,1156
107,bloom c7  l61 871 s7  hms (m),933
335,medeo t9 city  l45 871 s9 hmb usa,888
484,medeo t10 h50 822 s10 hmb usa,1388
210,chamonix c7  hms  l61 885 s7 (m),1019
292,medeo t10  m50 322 s10 hmb,990
63,arroyo c7+ l61 480 r7h hmb elite (m),953
380,miss grace c7 l54 691 h7 hmb,868
108,grenoble c8 h61 001 s8 hmb (m) connect,729
258,avignon c8 l65 883 s8 hmb connect (m),1201
459,heavydutynl c5 l59 690 h5 hmb belt,1185
489,heavydutynl c5 l54 690 h5 hmb belt,1013
104,grenoble c5  l61 822 s5 hmb belt,884
91,grenoble c8 l49 851 s8 hmb,683
158,ult. c380+ m57 468m se hmb belt usa,1217
475,grenoble c8 l61 001 s8 hmb (m),1153
242,ultimate 1.5 c5 l46 884 s5 hmb (m),979
378,heavydutynl c7 h59 001 h7 hmb (m),1155
203,avignon c380 l65 899 se hmb belt (m),737
206,chamonix t10 hms h53 874 s10,598
448,paris c7 l53 824 h7 hmb (m),857
170,orange c7+ l57 472 h7 hmb (m),890
492,medeo t9 h50 822 s9 hmb usa,1419
176,ult. c380+ h53 468m se hmb belt usa,1249
337,ami c7  l44 690 h7 hms (m),1404
287,arroyo c8  l49 851 r8s hmb elite,1340
286,avignon c380 l46 505 se hmb belt usa (m),637
331,grenoble c8 l49 851 s8 hmb connect,892
95,bloom c380 l49 001 se hms (m),958
491,ultimate 1.5 c5 l61 884 s5 hmb (m),835
327,paris c7 l46 813 h7 hmb (m),979
131,medeo t9 l45 824 s9 hmb usa,770
4,heavydutynl c7 h49 001 h7 hmb (m),1753
174,ultimate c380  h61 468 se m hmb sp.belt,915
288,ultimate c8+ l57 621 s8 hmb belt con (m),921
171,paris c7 l57 824 r7h hmb (m),1795
397,orange c7+ h57 822 h7 hmb,900
88,ultimate 2.0 t11 h60 885 s11 hmb (m),1431
273,ultimate c8+ l46 621 s8 hmb belt con (m),1119
432,orange c7+  l53 681 h7 hmb verhuur,837
222,tour pop.rvs   h57 001     t3,1184
127,tour populair  d51 001     r7t,1028
46,arroyo c5 h53 822 r5s hmb elite belt,655
247,arroyo c7+ l57 480 r7h hmb (m),829
343,avignon c8 l57 883 s8 hmb (m),992
29,arroyo c7+  l57 886 r7h hmb elite,1220
267,heavydutynl c7 l46 001 h7 hmb (m),1238
447,chamonix c5 hms l49 883 s5 (m),863
101,marco polo t8  h61 874 s8 (m) urban,954
329,orange c8 l57 690 h8 hmb,1422
355,miss grace c7+ l46 001 r7h hmb (m),569
237,medeo t9 l50 375 s9 hmb usa,1504
393,orange c7+ h61 822 h7 hmb,854
297,grenoble c8 l49 001 s8 hmb (m),871
135,heavydutynl c7+ h49 851 h7 hmb (m),1241
457,esprit h49 884 s7 hms (m),880
401,miss grace c7+ l54 001 r7h hmb (m),671
467,paris c7 l61 813 r7h hmb (m),569
213,grenoble c8  l61 464 s8 hmb verhuur,1352
66,ult. c380+ h57 468m se hmb belt usa,1186
103,orange c7+ l57 887 h7 hmb,1348
81,medeo t10 m50 322 s10 hmb usa,1389
290,grenoble c8 l61 851 s8 hmb connect,1192
395,paris c7+ h53 001 r7h hmb (m),830
334,orange c8 h61 001 h8 (m) hmb,614
53,grenoble c8  l57 464 s8 hmb verhuur,1463
388,arroyo c7+ l61 001 r7h hmb (m),1310
309,medeo t9 l45 375 s9 hmb usa,1055
24,arroyo c8  l61 851 r8s hmb elite,582
148,chamonix c7  hms  l49 885 s7 (m),1555
120,miss grace c7+ l54 886 r7h hmb (m),1073
333,arroyo c7  l53 480 s7 hmb elite usa (m),1161
96,arroyo c5 l61 621 r5s hmb elite belt (m),1421
25,medeo t10 m45 322 s10 hmb usa,962
493,esprit h54 867 s7 belt (m),677
450,paris c7+ l53 001 r7h hmb (m),1417
438,miss grace c7 l64 001 h7 hmb (m),841
436,paris c7 l57 813 h7 hmb (m),684
261,marco polo t8  h57 874 s8 (m) urban,1464
179,esprit l46 850 s7 hms (m),614
190,esprit l64 884 s7 hms (m),1026
302,ultimate 1.5 c380 h65 899 se hmb (m),1474
462,arroyo c5 l61 822 r5s hmb elite belt,1066
57,avignon c8 l61 883 s8 hmb (m),1130
354,medeo t10 h55 871 s10 hmb,363
427,miss grace c7+ l49 896 r7h hmb,1180
365,avignon hmb belt test  l53 464 se,828
8,arr. 1.2 c5 l53 822 s5 hmb elit belt usa,1284
458,easyflow  l46 871 s7  hms,623
23,ultimate 1.5 c380 l61 899 se hmb (m),1789
7,bloom c7  l53 871 s7  hms (m),709
304,chamonix c5 hms l57 886 s5,1653
474,paris c7+ l49 322 r7h hmb (m),1514
367,bloom c7  l53 887 s7  hms,1515
211,ultimate 1.5 t10 l49 818 s10 hmb (m),1208
192,marco polo t8  l53 874 s8 (m) urban,1140
169,miss grace c7+ l64 001 r7h hmb (m),1159
426,tour pop. h61 001     t8,961
181,avignon c8 l49 883 s8 hmb (m),662
209,ultimate c8+ l49 375 s8 hmb belt,1414
349,paris c7 l57 824 h7 hmb (m),1456
260,grenoble c8 l53 001 s8 hmb (m),935
301,ultimate 2.0 c380 h60 887 se hmb,1161
256,orange c8 l42 001 h8 (m) hmb 26w,1102
389,medeo t9 h50 822 s9 hmb,779
13,heavydutynl c7+ h59 851 h7 hmb (m),617
326,orange c8 l49 001 h8 hmb (m) connect,1031
117,grenoble c5  h61 822 s5 hmb belt,1073
400,orange c8 l53 001 h8 hmb (m) connect,1344
313,grenoble c8 l49 001 s8 hmb (m) connect,1183
482,arroyo c7+ h57 001 r7h hmb (m),1362
147,tour populair  h57 001     r7t,980
115,ultimate 1.5 c380 l53 899 se hmb (m),1088
277,grenoble  c7+ l57 480 h7 hmb (m),966
254,paris c7 h57 813 h7 hmb (m),1230
232,orange c8 h65 001 h8 hmb (m) connect,759
58,tour pop.rvs   d57 001     t3,1580
62,avignon c380 l53 505 se hmb belt ltd (m),669
12,grenoble  c7+ h61 480 h7 hmb (m),1276
20,ultimate c8+ h61 621 s8 hmb belt (m),1207
446,ultimate 1.5 c380 h53 899 se hmb (m),1154
481,arroyo c7  l46 480 s7 hmb elite usa (m),773
89,medeo t10 m50 820 s10 hmb usa,1197
314,miss grace c7+ l49 001 r7h hmb (m),1445
133,miss grace c7+ l59 001 r7h hmb (m),1132
83,orange c7+ l46 822 h7 hmb,614
188,arroyo c5 l53 621 r5s hmb elite belt (m),1200
124,medeo t10+ m55 690 s10 hmb usa,1046
153,paris c7 l49 824 h7 hmb (m),791
225,bloom c7  l61 887 s7  hms,834
207,grenoble c8 h53 001 s8 hmb (m),995
140,ultimate 2.0 c380 l60 887 se hmb,901
421,grenoble c5  l57 822 s5 hmb belt,1261
22,ultimate c8+ l57 375 s8 hmb belt,831
455,ultimate c8+ l49 621 s8 hmb belt con (m),1369
48,avignon c8 l46 883 s8 hmb connect (m),1132
186,ultimate c8+ l53 375 s8 hmb belt,951
152,medeo t9  l50 822 s9 hmb,1008
137,arroyo c8  l53 001 r8s hmb elite (m),1613
396,ultimate c380  m53 468 se m hmb sp.belt,757
150,bloom c380 l61 887 se hms,1134
180,arroyo c7+  l53 886 r7h hmb elite,1035
283,ami c7  l49 690 h7 hms (m),470
51,chamonix t10 hms h61 874 s10,1723
323,orange c8 l61 001 h8 (m) hmb,295
347,heavydutynl c7+ l59 851 h7 hmb (m),1119
55,paris c7+ l57 001 h7 hmb (m),858
312,arroyo hmb elite test  l53 464 r5s,1022
227,medeo t10+ h55 871 s10 hmb usa,1007
306,avignon c8 l61 896 s8 hmb (m),1056
10,avignon c380 l65 505 se hmb belt ltd (m),636
449,ultimate 1.5 t10 h53 822 s10 hmb,731
6,heavydutynl c7 l54 001 h7 hmb (m),1099
157,chamonix c5 hms h61 883 s5 (m),1061
404,grenoble  c7+ l49 480 h7 hmb (m),1222
243,avignon hmb belt test  l49 464 se,1152
68,heavydutynl c7 l49 001 h7 hmb (m),471
409,heavydutynl c7+ l49 851 h7 hmb (m),1459
442,paris c7 l53 824 r7h hmb (m),898
341,medeo t10+ h45 871 s10 hmb usa,1228
358,ami c7 l49 883 h7  hms,1021
250,ultimate 1.5 t10 h57 822 s10 hmb,845
345,arroyo c5 l49 822 r5s hmb elite belt,984
31,avignon c380 l49 505 se hmb belt (m),1040
199,miss grace c7 l59 001 h7 hmb (m),1097
391,grenoble c8 l46 001 s8 hmb (m),922
332,avignon c8 l61 883 s8 hmb connect (m),441
189,chamonix c5 hms l61 886 s5,568
379,avignon c8 l49 896 s8 hmb (m),1295
59,arroyo c8  l57 001 r8s hmb elite (m),758
366,ultimate 1.5 t10 l53 822 s10 hmb,574
183,paris c7 l49 824 r7h hmb (m),1366
34,paris c7+ l53 001 h7 hmb (m),1084
435,heavydutynl c7 h54 001 h7 hmb (m),1136
485,tour pop. d51 001     t8,781
281,ultimate 1.5 c380 h57 899 se hmb (m),1566
130,ultimate c8+ l61 621 s8 hmb belt (m),1249
220,ultimate c8+ h53 621 s8 hmb belt con (m),1104
118,esprit h59 884 s7 hms (m),1365
182,ultimate t10+  h53 621 s10 hmb usa (m),1180
178,ultimate 1.5 t10 h65 822 s10 hmb,1292
377,miss grace c7 l59 691 h7 hmb,976
129,ultimate c8+ h65 621 s8 hmb belt (m),813
61,grenoble c8 h61 001 s8 hmb (m),901
143,grenoble c8 l53 851 s8 hmb connect,852
364,orange c8 l53 001 h8 (m) hmb,667
363,ultimate c8+ l46 621 s8 hmb belt (m),833
185,orange c7+ l57 822 h7 hmb,1218
221,arroyo c8  l49 001 r8s hmb elite (m),571
478,avignon c8 l65 883 s8 hmb (m),872
0,ultimate 1.5 t10 l61 822 s10 hmb,925
1,chamonix t10 hms l57 874 s10,918
50,orange c7+ l61 472 h7 hmb (m),980
246,grenoble  c7+  l53 886 h7 hmb,972
87,bloom c380 l49 887 se hms,1168
383,ultimate t10+ h53 375 s10 hmb usa,922
407,paris c7 h65 813 h7 hmb (m),1377
271,arr. 1.2 c5 l53 690 r5s hmb elite belt m,1029
423,ultimate c8 l53 690 s8 hmb usa belt (m),807
52,arroyo c7+  l46 001 r7h hmb 26w (m),779
244,ultimate 1.5 c380 l46 899 se hmb (m),1091
488,ultimate c8+ l61 621 s8 hmb belt con (m),646
195,medeo t9 l60 887 s9 hmb,1050
330,bloom c7  l57 871 s7  hms (m),822
110,ultimate t10+ m57 851 s10 hmb usa,871
468,arroyo c7+  l49 886 r7h hmb elite,1098
353,orange c8 l57 690 h8 hmb connect,1099
372,grenoble c8 l53 001 s8 hmb (m) connect,1011
471,esprit l59 867 s7 belt (m),1090
224,arroyo c5 l57 822 r5s hmb elite belt,681
219,medeo t9 l55 887 s9 hmb,377
429,miss grace c7 l49 001 h7 hmb (m),1462
291,miss grace c7 l46 001 h7 hmb (m),1167
357,ultimate c8 l57 690 s8 hmb usa belt (m),1052
36,chamonix c7  hms  l53 885 s7 (m),573
486,paris c7 l61 813 h7 hmb (m),891
300,grenoble c5  l49 822 s5 hmb belt,469
128,esprit l54 867 s7 belt (m),728
60,medeo t10  m60 322 s10 hmb,1053
412,esprit l49 850 s7 hms (m),803
82,orange c7+  l49 681 h7 hmb verhuur,868
490,arroyo c7  l57 480 s7 hmb elite usa (m),938
75,orange c7+  l61 681 h7 hmb verhuur,1228
398,orange c7+ l53 472 h7 hmb (m),1142
255,orange c8 l57 001 h8 hmb (m) connect,1100
151,tour pop. d57 001     t8,973
320,ultimate 1.5 t10 l46 818 s10 hmb usa (m),1199
266,ultimate 1.5 c5 h57 884 s5 hmb (m),1182
324,arroyo c8  l46 001 r8s hmb elite (m),1084
376,ultimate c8+ h65 621 s8 hmb belt con (m),1042
97,avignon c8 l53 883 s8 hmb connect (m),1455
299,chamonix c7  hms  l57 885 s7 (m),1086
305,arroyo c7+  l61 886 r7h hmb elite,1124
272,orange c8 l49 001 h8 (m) hmb,909
382,miss grace c7+ l59 886 r7h hmb (m),801
109,paris c7+ l53 322 r7h hmb (m),945
177,medeo t9  l55 822 s9 hmb,816
369,arroyo c8  l61 001 r8s hmb elite (m),1606
263,ultimate 2.0 c380+ l45 887 se hmb usa,1171
19,avignon c380 l57 899 se hmb belt (m),1608
336,chamonix c7  hms  l53 822 s7,1596
156,medeo t9 l50 824 s9 hmb usa,1060
451,paris c7+ h57 001 r7h hmb (m),834
387,ultimate c8+ l53 621 s8 hmb belt con (m),1064
453,paris c7+ l49 001 r7h hmb (m),559
11,medeo t10 h55 822 s10 hmb usa,1028
90,avignon c380 l61 505 se hmb belt (m),1581
216,arroyo 1.2 c5 l46 822 r5s hmb elite belt,1101
99,paris c7+ l46 001 h7 hmb (m),562
325,avignon c380 l46 899 se hmb belt (m),1027
414,grenoble c5  h53 822 s5 hmb belt,700
342,ultimate c8+ l53 322 s8 hmb belt con.hub,1163
239,grenoble c8 h57 001 s8 hmb (m),819
360,marco polo t8  l57 874 s8 (m) urban,886
413,heavydutynl c5 h64 690 h5 hmb belt,675
420,orange c8 h57 001 h8 (m) hmb,708
403,orange c7+ l49 822 h7 hmb,1286
226,tour populair  d57 001     r7t,1220
248,paris c7 h53 813 h7 hmb (m),875
145,chamonix c7  hms  l57 822 s7,820
69,paris c7+ l49 001 h7 hmb (m),874
229,esprit h59 867 s7 belt (m),1316
424,paris c7+ l61 001 h7 hmb (m),669
54,avignon c380 l57 505 se hmb belt usa (m),1457
374,medeo t9 l55 824 s9 hmb usa,758
116,chamonix c7  hms  l49 822 s7,948
316,orange c7+ l61 822 h7 hmb,1053
279,grenoble c8 l57 851 s8 hmb,832
126,grenoble  c7+ l61 480 h7 hmb (m),940
348,arroyo c5 h61 822 r5s hmb elite belt,1426
65,grenoble  c7+  l49 886 h7 hmb,338
208,ultimate t10+ h57 375 s10 hmb usa,985
223,orange c7+ l49 887 h7 hmb,1294
317,arroyo c7+ h61 480 r7h hmb elite (m),1163
328,miss grace c7+ l59 896 r7h hmb,1099
77,grenoble c8 h57 001 s8 hmb (m) connect,1126
197,heavydutynl c5 l49 690 h5 hmb belt,639
80,paris c7+ l46 001 r7h hmb (m),782
276,ultimate 2.0 t11+ h55 886 s11 hmb usa,1060
111,paris c7 l49 813 r7h hmb (m),1542
418,avignon c380 l57 899 se hmb belt usa (m),993
94,orange c7+ h53 822 h7 hmb,1251
445,bloom c380 l53 001 se hms (m),1165
164,medeo t10+ h50 871 s10 hmb usa,693
456,ultimate c8+ l57 375 s8 hmb belt connect,1228
416,avignon c8 l53 896 s8 hmb (m),878
122,orange c8 h53 001 h8 (m) hmb,1168
73,paris c7+ l61 001 r7h hmb (m),903
114,chamonix c5 hms h65 883 s5 (m),1024
361,grenoble c8 l61 851 s8 hmb,1053
2,ultimate 2.0 c380+ h45 375 se hmb usa,1647
217,arroyo 1.2 c5 h57 822 r5s hmb elite belt,1041
234,arroyo c7+ l53 480 r7h hmb (m),847
265,ultimate t10+ m46 851 s10 hmb usa,1177
39,bloom c380 l53 887 se hms,644
138,heavydutynl c7 h64 001 h7 hmb (m),1073
433,arroyo c8  l57 851 r8s hmb elite,650
30,medeo t9 h55 822 s9 hmb usa,837
26,esprit l46 884 s7 hms (m),817
9,avignon c8 l46 883 s8 hmb (m),1149
259,avignon c380 l61 505 se hmb belt ltd (m),467
212,ultimate c8+ l53 621 s8 hmb belt (m),1241
454,heavydutynl c7+ h64 851 h7 hmb (m),575
231,ami c7 l44 883 h7  hms,637
38,orange c8 l49 690 h8 hmb connect,1109
144,arroyo c5 h57 822 r5s hmb elite belt,738
162,orange c8 l57 001 h8 (m) hmb,1264
293,bloom c380 l57 001 se hms (m),773
262,ultimate c380  m49 468 se m hmb sp.belt,772
370,paris c7+ h65 001 h7 hmb (m),776
42,ultimate 1.5 t10 l61 818 s10 hmb (m),1179
315,arroyo c7+ h65 001 r7h hmb (m),1125
470,chamonix c5 hms h57 883 s5 (m),690
236,grenoble 1.2 c5 l61 690 s5 hmb belt,1175
238,bloom c380 l61 001 se hms (m),1400
200,medeo t10  m45 322 s10 hmb,1396
440,chamonix c5 hms l57 883 s5 (m),955
339,miss grace c7 l54 001 h7 hmb (m),1414
28,paris c7+ h65 001 r7h hmb (m),1217
384,paris c7+ l57 001 r7h hmb (m),809
252,avignon c8 l57 896 s8 hmb (m),1261
284,orange c7+ l46 472 h7 hmb (m),1138
245,ultimate c8+ h57 621 s8 hmb belt con (m),811
214,avignon c8 l49 883 s8 hmb connect (m),752
47,arroyo c7+ l46 480 r7h hmb elite (m),1198
198,ultimate c8+ h57 621 s8 hmb belt (m),1356
406,tour populair  h61 001     r7t,808
136,chamonix t10 hms l61 874 s10,872
163,orange c8 h65 001 h8 (m) hmb,620
92,grenoble c8 l57 851 s8 hmb connect,1096
100,ultimate c8+ l49 621 s8 hmb belt (m),961
303,bloom c7  l57 887 s7  hms,1198
43,esprit l59 850 s7 hms (m),730
230,avignon c380 l46 505 se hmb belt ltd (m),915
45,ultimate c8+ l57 621 s8 hmb belt (m),870
27,ultimate 1.5 c5 l49 820 s5 hmb,1268
56,ultimate 2.0 t11+ l55 885 s11 hmb usa m,960
139,orange c8 l53 690 h8 hmb,1076
411,arroyo c5 l53 822 r5s hmb elite belt,432
368,medeo t10 m45 820 s10 hmb usa,1254
269,orange c7+ l49 472 h7 hmb (m),706
125,orange c8 h57 001 h8 hmb (m) connect,604
76,tour pop.rvs   h66 001     t3,1272
253,grenoble  c7+  l57 886 h7 hmb,944
165,medeo t9 l50 887 s9 hmb,787
41,arroyo c7+ l53 001 r7h hmb (m),1125
72,medeo t9 city  l50 871 s9 hmb usa,1039
35,ultimate t10+ m53 851 s10 hmb usa,830
86,ultimate c8+ h53 621 s8 hmb belt (m),1371
123,ultimate 2.0 t11 h45 885 s11 hmb (m),575
344,grenoble 1.2 c5 l57 822 s5 hmb belt,1017
439,heavydutynl c7+ h54 851 h7 hmb (m),259
235,heavydutynl c7 l64 001 h7 hmb (m),878
33,grenoble c5  h57 822 s5 hmb belt,773
428,grenoble  c7+ l53 480 h7 hmb (m),1078
422,miss grace c7+ l54 896 r7h hmb,1009
187,orange c8 h61 001 h8 hmb (m) connect,746
166,ultimate c380  h57 468 se m hmb sp.belt,486
15,ultimate c8+ l53 375 s8 hmb belt connect,1285
375,arroyo c8  l53 851 r8s hmb elite,1288
184,chamonix c7  hms  h53 822 s7,1284
381,tour pop.rvs   h61 001     t3,1294
476,avignon c8 l53 883 s8 hmb (m),1541
105,chamonix c5 hms l53 883 s5 (m),1202
44,ultimate c380  m57 468 se m hmb sp.belt,1763
168,orange c7+  l57 681 h7 hmb verhuur,695
285,ultimate 2.0 t11 l60 885 s11 hmb (m),1021
410,chamonix c5 hms l61 883 s5 (m),1286
270,chamonix c7  hms  h57 822 s7,1346
294,avignon c8 l61 896 s8 hmb connect (m),360
17,marco polo t8  l49 874 s8 (m) urban,351
106,bloom c380 l57 887 se hms,1269
274,chamonix c7  hms  h61 822 s7,813
268,avignon c8 l53 896 s8 hmb connect (m),780
289,arroyo c7+ h61 001 r7h hmb (m),799
175,heavydutynl c5 h49 690 h5 hmb belt,1275
5,ultimate c8+ h61 621 s8 hmb belt con (m),805
121,heavydutynl c7+ l64 851 h7 hmb (m),1025
444,esprit l54 884 s7 hms (m),1122
93,medeo t9 l55 375 s9 hmb usa,779
119,chamonix t10 hms l53 874 s10,1427
399,ultimate 1.5 t10 l46 822 s10 hmb,1351
160,ultimate c8 l46 690 s8 hmb usa belt (m),954
79,arroyo c7+ l57 480 r7h hmb elite (m),1530
155,ultimate 2.0 c380+ l55 375 se hmb usa,1325
74,ultimate 1.5 c5 l53 884 s5 hmb (m),818
460,bloom c7  l49 887 s7  hms,1061
18,grenoble c8  l53 464 s8 hmb verhuur,1285
67,ult. c380+ m46 468m se hmb belt usa,1372
167,orange c8 h53 001 h8 hmb (m) connect,1379
319,ult. c380+ m53 468m se hmb belt usa,1116
249,ultimate c8+ l61 375 s8 hmb belt,1256
194,ultimate c8 l46 888 s8 hmb usa belt (m),1221
233,paris c7 l53 813 h7 hmb (m),1167
204,ultimate c8+ l53 464 s8 hmb belt verh.,755
296,arr. 1.2 c5 l53 690 s5 hmb elit belt usa,901
98,makki load    l49  001/322 hmb (m),1254
307,chamonix t10 hms h57 874 s10,1278
425,ultimate c8+ l49 375 s8 hmb belt connect,665
351,paris c7+ l49 322 h7 hmb (m),1265
202,chamonix c5 hms l49 886 s5,966
278,orange c7+ l53 822 h7 hmb,890
461,grenoble 1.2 c5 h61 822 s5 hmb belt,1237
352,chamonix c7  hms  h65 822 s7,926
282,esprit l46 867 s7 belt (m),678
102,arroyo c7+ h57 480 r7h hmb elite (m),1421
228,arroyo c7+ l49 480 r7h hmb elite (m),1037
201,ultimate c380  h65 468 se m hmb sp.belt,771
321,paris c7 l49 813 h7 hmb (m),632
402,paris c7 l57 813 r7h hmb (m),1036
371,ultimate 2.0 c380 l45 887 se hmb,614
390,medeo t9 city  l50 887 s9 hmb usa,881
394,arroyo c7+ l49 001 r7h hmb (m),911
350,makki load    l49  001/322 hmb con. (m),370
132,ultimate c8 l57 888 s8 hmb usa belt (m),802
196,medeo t10 h50 871 s10 hmb,559
311,orange c7+ l53 887 h7 hmb,1392
141,medeo t10+ m50 690 s10 hmb usa,965
264,paris c7+ l57 322 r7h hmb (m),1334
466,ultimate 1.5 c5 h53 884 s5 hmb (m),1019
340,ultimate 1.5 c5 l61 820 s5 hmb,1080
465,medeo t9 h55 822 s9 hmb,740
172,arroyo c5 l46 822 r5s hmb elite belt,903
257,ultimate 1.5 c5 h65 884 s5 hmb (m),841
431,grenoble c8 l57 001 s8 hmb (m),816
298,ultimate c8 l53 888 s8 hmb usa belt (m),839
218,ultimate c8+ l61 375 s8 hmb belt connect,1673
385,arroyo c7+  l42 001 r7h hmb 26w (m),1062
359,ultimate 1.5 c380 l46 820 se hmb usa,1126
251,arroyo c7  l46 886 s7 hmb elite usa,815
205,miss grace c7 l49 691 h7 hmb,1282
417,arroyo c5 l57 621 r5s hmb elite belt (m),1567
464,avignon c8 l57 883 s8 hmb connect (m),1172
310,medeo t10 h60 871 s10 hmb,1113
392,arroyo 1.2 c5 h53 822 r5s hmb elite belt,935
71,avignon c380 l46 899 se hmb belt usa (m),241
463,grenoble c5  l53 822 s5 hmb belt,1268
113,heavydutynl c7+ l54 851 h7 hmb (m),938
142,orange c8 l53 690 h8 hmb connect,710
280,tour pop. h66 001     t8,1104
479,grenoble hmb test  l53 464 s5,734
193,arroyo c5 l49 621 r5s hmb elite belt (m),985
149,orange c8 l49 690 h8 hmb,1607
112,chamonix t10 hms l49 874 s10,1296
191,orange c7+ h65 822 h7 hmb,1294
437,arroyo c7+ l53 480 r7h hmb elite (m),1194
487,miss grace c7+ l49 886 r7h hmb (m),882
386,orange c8 l61 001 h8 hmb (m) connect,525
3,chamonix c7  hms  l61 822 s7,1137
308,grenoble c8 l57 001 s8 hmb (m) connect,952
415,bloom c7  l49 871 s7  hms (m),329
473,paris c7 h61 813 h7 hmb (m),718
494,arroyo c7+ l61 480 r7h hmb (m),1432
295,avignon c380 l49 505 se hmb belt ltd (m),674
443,paris c7+ h61 001 h7 hmb (m),175
32,avignon c380 l57 505 se hmb belt (m),609
275,esprit h64 884 s7 hms (m),1384
173,grenoble  c7+ l46 480 h7 hmb (m),1483
134,paris c7 l53 813 r7h hmb (m),1179
480,ultimate 1.5 t10 h57 822 s10 hmb usa,510
49,grenoble c8 l53 851 s8 hmb,879
318,paris c7+ h61 001 r7h hmb (m),684
159,heavydutynl c5 h59 690 h5 hmb belt,627
16,medeo t9 h60 822 s9 hmb,1191
362,avignon c8 l57 896 s8 hmb connect (m),1257
215,paris c7+ l53 322 h7 hmb (m),1166
146,paris c7+ h57 001 h7 hmb (m),910
408,marco polo t8  h53 874 s8 (m) urban,1165
40,arroyo c7+ l57 001 r7h hmb (m),1123
85,ultimate c380  h53 468 se m hmb sp.belt,583
21,arroyo c7+ l49 480 r7h hmb (m),1315
441,grenoble 1.2 c5 h57 822 s5 hmb belt,1200
241,heavydutynl c5 l64 690 h5 hmb belt,867
322,heavydutynl c7 l59 001 h7 hmb (m),563
338,orange c8 l46 001 h8 (m) hmb,617
84,arroyo 1.2 c5 l53 822 r5s hmb elite belt,907
78,grenoble c8 l61 001 s8 hmb (m) connect,681
373,avignon c8 l49 896 s8 hmb connect (m),688
64,medeo t10  m55 322 s10 hmb,1309
469,grenoble c8 l46 001 s8 hmb (m) connect,1029
430,medeo t10+ m45 690 s10 hmb usa,1673
14,medeo t10 m55 820 s10 hmb usa,1700
70,ultimate t10+  h57 621 s10 hmb usa (m),771
483,orange c8 l46 001 h8 (m) hmb 26w,570
405,avignon c380 l57 505 se hmb belt ltd (m),1164
356,chamonix c5 hms l53 886 s5,1088
419,medeo t10 h45 822 s10 hmb usa,794
37,paris c7+ h53 001 h7 hmb (m),822
161,paris c7+ l57 322 h7 hmb (m),810
154,ultimate 2.0 t11+ l45 886 s11 hmb usa,588
346,medeo t9 city  l45 887 s9 hmb usa,1399
477,arroyo c7  l53 886 s7 hmb elite usa,592
