component_number,component_description,follow_up_component
156,frame l65 avignon hmb,
926,bel decibel xxl zwart,
1353,remarmstrop 403 (rvs) ed zwart,
532,alu accustrip active v2,
328,kunststofschroef torx sts plus 4x11mm,
956,slot axa e-lock v3 zwt,
1261,kit cradle / damper plate,
133,v.rem hs11eco.right.lever 750mm evo2 w/o,
577,kunststof kabelgeleider ultimate,
391,frame h61 ultimate beltdrive (2015),
1347,bub 42-622 zwt/bru con city ride,
821,bracketbeugel hesling gen4 boost,
1142,kett.kast sp28 neutr.z/scr. zwt t.pop,
972,cover powertube ultimate,
1255,accu slede,
453,beltspanner avignon,
878,disc brake rear tektro hd-r280 1650mm,
1351,bosch power cable acculader usa,
46,zadelstrop zwart,
810,motor cover bosch gen3 tbv iot links zwt,
1373,kett.scherm ultimate s8 alu zwt mat epac,
1183,kett. kmc x8-93s 1/2x3/32 100sch.,
1289,pedalen fp-972 9/16 alu-body zvr/zwt v2,
1305,alu accustrip active,532.0
909,balh.stel mhspec. zndr cap,
723,a.rem hs11eco.left.lever 2050mm evo2 w/o,
1291,drager zwt (m) chamonix my21,
232,frame m50 medeo hmb powertube gen3,
383,"spaak 13-267-2,0 rvs 18/7",
1105,design cover left/bottom  bes3,
963,z-reflector orange 306/22keb-1,
937,nokplaat (non turn washer),
1052,powertube cable 820mm w/o charging sock.,
445,frame m55 medeo hmb powertube gen3,
726,a.drager 51cm toer exp. m/veer ruw,
183,nippel 14 sapim,
1089,ventielmagneet bosch bes3,
1185,"stangkop m10x30x1,5 rvs a2",
415,handvat basis 88mm rechts zwt,
1139,frame h53 paris hmb (2022),
283,"spaak 13-282-2,0 rvs dt",
637,frame l57 grenoble direct mount,
943,vrvrk al disc 55-622 50/487 333mm 001 m,
790,batterij kabel 800mm bes3,
1178,dragerstrip 19 gaten,
974,mont.set alfine ksm8s31a02f0a,
1062,disc brake rear/r bl-mt200 1700mm,
875,frame h45 ultimate 2.0 hmb 750w (2023),
569,spatschermstang steco 365mm zwt,
495,kett.kast linea 3 (lang) kl.851 (m),
1328,zadel s.r. hertz 5093ur zwt,
1215,"zadelp.g.c/hg verend zwt 300 27,2",
1249,v.bord 60mm zwt(m) apollo,
664,achterwiel sensor cable bosch 415mm,
861,rubber tbv slede 8 mm,
923,stuuraanslag postmoderne ot-903hg 41.4,609.0
922,slot axa imenso l incl pt-slot short key,
785,antenna holder bosch gen3 active,
47,kabelklem v/3 kabels,
764,klem jasb. l/r 13mm m/logo,
1340,frame l53 ultimate hmb belt (2019) v2,
320,rembuisje 175mm mess/chr,
592,zadel ddk d225v heren zwt,
380,v.vork 26 inch al-hsf-vb-1 1/8-bh 336mm,
1132,frame l61 avignon hmb,
1191,frame l57 avignon hmb,
248,v.bord curana orbit 70mm zwt mat,
127,accu cover avignon,
1343,set padden  derail. ultimate 1.5  bes3,
267,wire ring nuvinci hw-ring-oe,
107,"seat-cla. 28,6  zwt mx-28",
230,motor bevestigingsbout  m8x60 bosch,
714,zadel ddk d226v dames zwt,
471,st.pen promax ma-504 110/31.8 zwt,
455,kett.scherm beugel move 12 e6100 motor,
1200,disc brake rear bl-mt200 1600mm,
977,frame h55 medeo hmb powertube gen3,
163,kett. kmc e10ept rb e.bike 118sch.,
1094,disc brake rear bl-mt200 1550mm,
917,ophoogblok tbv bosch display+switch st.p,
1203,cassette shim. kcshg50010 11-36,
67,slot axa def z/chip zwt,
679,boltcover set gen4 links en rechts,
1367,spatlap apollo 60mm zwt,
348,st.b 31.8mm alu sportive zwt v2,
557,inbusbout m4x12 d912/a2,
1027,remarmstrop zwart dia:16mm,
257,crankbout bzk m10 lh bosch gen 3,
1128,doorvoer thule zwart 8mm x 6mm,
390,frame l49 orange bosch (2022),
545,jasbeschermer slot/v-brake 46/61cm groot,
1334,"vlg ryde andra 40 1x36 8,5 zwt disc",
673,"vlg rodi viper 28 2x18 8,5 zwt ges",
167,rear sprocket 32t cdx nexus 5,
2,frame l57 paris hmb (2022),
522,frame h57 arroyo 1.2 hmb belt,
12,frame l57 grenoble disc,
372,dragerbeugel 144mm zwt mat,
1293,bub 50-622 zwt/wit sch fat frank,
999,versteller shim.alfine 8 asls70082100lla,
134,kett.kast finura bosch gen.3 z/br.bgl,
1230,stekker t.b.v. a.licht b&m 470ks,
792,lichtl. exp. 2300x3.6  50mm gestr.,
76,kroonkap met bok mess/chroom,
877,guide rail bbp377y horizontal,
1309,"spaak 13/14 sb-182-3,3 rvs 18/7 zwt",
895,rear sprocket for belt cdc 26t,
157,"spaak 14-274-2,8 rvs 18/7  zwt",
353,handvat herr primo rechts 22/90 zwt/zwt,
1007,frame d51 geo-65 staal dhg,
362,a.spatschermstang 343mm,
162,frame h53 ultimate beltdrive (2015),
236,handvat dop dd36 19mm,
59,"spaak 13-267-2,0 rvs 18/7  zwt",
1221,cranks. cdn front + gates s150,
512,design cover front performance line,
1110,disc brake rear mt420 1500mm,
108,klemwartel magura hs11,
1010,slot abus 4750l r bk oe+blo bos it3 t82,
264,box samengesteld makki,
378,cilindrische borstel rond 90 l.955,
440,zadelbrooks 910 b-67 cre dames z/strop,
201,a.naaf shi 36g zwt remn nex-7,
234,st.pen niro  250/60 zwt,
1102,"spaak 14-290-2,8 rvs 18/7  zwt",
146,kett. kmc x8-93s 130sch 1/2x3/32,
273,kopl. b/m sens.1706csn-04 balhb,
191,schuitje kettingsp.alu frames,
352,v.naaf shi 36g zwt s/rem qr,
966,design  cover right/top bes3,
464,a.bord 28 inch 60 mm rvs r385,
202,rotor alhonga 160mm wo/centerlock,
1317,kopl. axa b.line 50lx z/bgl,
1348,"vlg rodi viper 28 2x18 8,5 zwt ong",
740,makki ce sticker frans 250kg,
98,doorvoerdop lichtleiding bosch 9mm,
1071,"spaak 13-234-2,0 rvs 18/7  zwt",
818,veerhuisje tr.stuur n1973.01,
1290,zadelklem ultimate 2.0 38.6mm zwart,
138,motor cover oran/gren gen3 iot links zwt,
1332,"zadelp.g.pm750  zvr 235 27,2",
759,balhoofdcup 1 1/2 k803-1,
169,v.naaf kum 36g zvr v/rem nt quando,
393,"kabelkl. p-clip 9,5mm zwt",
706,crank miranda delta sh 150mm l. zwt,
102,biba stuurbuis makki 28.6x881  zwt mat,
171,balh.stel p-z051ad z/onder cone zwt,
1248,frame h53 chamonix hms intube,
1011,a.spatschermstang easyflow 247mm 2021,
847,kabelklem o-ring,
1117,pylknopje gaz.tromm.stuur verz,
51,env cargo manual hub int. mhi-cs-mt-oe,
1097,spatschermst steco p3993 358mm mat zwt,
377,kett. x9 ept 124 links m/missinglink,
1384,a.bord 26 inch rvs ruw yipin yp-068,
1080,retaining bracket lock-side,
89,frame h49 esprit hms (2023),
1212,slot axa sol zwt,
1084,handvat aero leder 132mm links zwt,
1112,"vlg mach1 650  28 1x36 8,5 gri ong",
357,v.naaf 36g zwt nt quando,
53,bracketcover links zwt,
54,zadel s.r. essenza plus moderate zwt,
304,strip bevestg lichtl spatbord 58x20mm,
131,connector koplamp spanninga,
300,"expanderpl.8,3x22x3,0mm ms/chr.",
1357,rotor shim. asmrt30s2 160 centerlock,
622,v.naaf shi 36g zvr rbr 6v/3.0w nt,
513,centerlock adaptor magura incl. lockring,
959,disc brake rear/r bl-mt200 1500mm,
488,frame h61 orange bosch (2022),
1234,v.bord 65mm zwt apollo r390,
188,frame m45 medeo hmb powertube gen4,
535,carrierholder ndc zwt,
158,frame l49 paris hmb (2022),
1035,sierneusje chroom buchel,
1088,onderbuis accu 400w platin perf.line usa,
539,adjustable dropout left,
574,acculader boschaccu active/perf.line usa,
16,kopl. spanninga axendo 60xe 6-36vdc z/ll,
1288,lower cup  k805-10,1243.0
280,supp.frame base horizontal bbp37xx bes3,
1226,oplaadpunt shim. kewcp100a 200mm,
258,frame l49 makki ring bakrand,
435,beugel sier chroom,
651,spatlap gaz.zwart gr.mod.708.,
782,kettingw. 19t opst.1/8sa hsl719,
709,disc brake rear tektro hd-280 1700mm,
536,frame m53 ultimate speed hmb disc,
1300,achterschaal avignon  nexus 5/7/8,
1236,a.rem hs11 rear/right 2050mm directmount,
1319,v.achterrek,
342,kabelhoedje zwart,
721,v.vork 40/635 sa auto-l 286mm,
700,voorvork mobie45 700c 250mm zwt mat,
733,parker tbv accu,
1008,frame h53 grenoble disc,
410,"spaak 14-292-2,8 rvs dt",
1318,kabelstrip apollo 375mm / 101261,
1190,"thread-forming tap, screw m4x53,5 black",
13,screw m5x14,
212,spatschermstang apollo 60/324mm zwt(m),
92,tuimelaarasje t3 remst.ond.lug,
845,frameplaat dutynl curana st.870-1029,
654,disc br.rear mt420 m/adapter 1650 j-kit,
332,st.b 585/25.4 alu 3r orange zwt,
1201,motor cover links zwt,
1316,stuurstang klem makki v2 zwt,
1283,spatschermstang m32 350mm,
29,"spaak 14-276-2,8 rvs 18/7  zwt",
175,caliper fixing ring top alhonga,
702,spatschermstang steco 367mm rvs,
559,a.drager nl bosch v2,
788,frame l49 makki voor,
717,balhfd spacer h=20mm od:33mm id:1 1/8,
370,frame h57 chamonix hms intube,
1013,montage wig sks borden,
31,bosch socket holder,
1266,v.bord 28 inch toer remn.uitv. v2,
779,powertube oplaadkabel 810mm,
857,jasb doek klein m/gaz.nm,
967,kapje klein jasbeschermer,
1350,frame h61 grenoble disc,
649,rembuisje 125mm mess/chr,
958,kettingblad  52 tands bcd104 zwart flat,
306,bib.40/62-559 dunlop 40mm dv13a light,
658,kett.kast easyflow compleet,
80,a-licht spanninga solo on/off battery,
564,kett.kast beugel no:88,
401,packing plate,
1006,adapter alhonga pp-f180-3,
1014,a.bord 65mm zwt apollo r390,
800,a.bord 28 inch toer gaz.al. v2,
1257,handvat herr primo links 22/130 zwt/zwt,
316,a-licht gaz.9xb led spann.,
1012,st.b 575 stl 3r chb-st2058 zwt,
1004,"kabelkl. p-clip 4,5mm zwt",
748,st.b 585/25.4 alu 3r orange zvr,
403,v.bord 26 inch zwt b53,
1271,kabelklem enkel nylon zw.,
671,bzk bout verz. m6x12 iso10642 zwt,
408,a.bord 28 inch 61mm fr.type breed l1140,
1059,frame h45 medeo hmb powertube gen4,
203,v.naaf shi 36g zwt v/rem nt,
619,motor cover rechts zwt,
452,frameplaat miss grace no-47,
1175,bosch drive unit active plus gen3 25km/h,
249,verw.a.pad r. 12x148 z/spanner zwt gean.,
1339,pedalen fp-872 9/16 pp-body zwt/gri v2,
1374,drager zwt (m) paris pc m/klapveer v2,
1262,v.vork 40/635 sa auto-l 276mm,
528,"rubber shim 31,8mm(bosch) set/4 st.",
1387,a.drager ultimate 1.5 zwt (m),
1101,v.vork 24inch disc flat mount 280mm,
612,rotor for db magura mdr-c cl 160mm,
38,rear sprocket for belt ct1122vmn 22t.,
621,"bosch 1-arm display socket 31,8",
762,kett. kmc x8-93s 1/2x3/32 110sch.,
424,br.unit zumba gbl 440 (1.375x24),
83,frame h65 ultimate 1.5 hmb 625w (2023),
427,snelb. rvs haak zwt/zwt/zwt,
867,st.pen promax ma-504 100/31.8 zwt,
1276,a.naaf env trek 36g zwt disc nt (2021),
1345,kopl. axa compactline 35lx e-bike,
4,kabelklem speedsensor zwt,
1124,v.bord 28 inch stl miss grace city/hmb,
876,disc brake rear mt420 1550mm,
399,kopl. b&m upp 12v 40lx ebike,
548,frame h60 medeo hmb ontube gen3,
1325,st.pen swch fenderv.3 110/25.4 zvr adj,
330,balhoofdsticker ultimate,
474,drager poot links ultimate 2.0,
585,bel staal chroom 144,
623,displayh. + remote bosch (cable 1500mm),
1232,frame h59 nl bosch direct mount (2021),
231,v.vork rigid alloy disc 1 1/8 338 mat,
407,front sprocket belt f5462bsnt cdx 46t,
1150,frame l57 orange bosch (2022),
1296,v.naaf shi 36g zwt s/rem nt,
61,a.drager zwt (m) tna alu,
892,rotor tektro 180 centerlock w/o lockring,
477,slot axa imenso xl m/accuslot zwt,
70,drager zwt (m) city ndc v2,
398,bub 40-635 cre/cre con classic ride,
773,standaard 26 inch 2 poot extra hoog,
893,cassette shim. cues 11-sp 11-50t,
216,"spaak 14-282-2,8 rvs 18/7  zwt",
1160,bosch display kiox 300,
555,power cable acculader tbv. boschaccu,
587,frame h57 ultimate hmb belt (2019),
1242,bub 47-622 zwt/zwt schw marathon e-plus,
1195,kettingw. 38t shimano steps sm-cre61 zwt,
774,afdekkapje onderbuis ultimate intube,
514,parker tbv accu kort,
825,battery adapter 2,
37,crank r lh mini isis bosch 170mm zwt/m,
666,doorvoertule grommet,
79,st.pen eas-jd6604 80/31.8 zwt,
121,pedalen ergotec ep-1 black,
687,klembus 2404 322,
1210,a.spatschermstang 5mm tna 232mm,
1070,frame h61 ultimate hmb belt (2019),
682,disc brake front tektro hd-t280 1000mm,
849,frame l54 esprit belt (2023),
1279,v.naaf shi 36g ahbmt400ax zwt disc,
518,st.b 580/25.4 alu 3r mod. moon zvr,
3,"spaak 14-267-2,8 rvs 18/7",
676,disc brake magura  ct 1200mm  2easyfix,
88,a.naaf shi 36g zvr rbr nt nex-8,
776,ultimate bracket strip l57 - l61cm,
172,cups k603-05,
511,lockring for bdu3xx,
521,"afstandsbus 8,2x18x40mm zwt",
558,slot abus 4750l r bk oe+ blo bos it3 t82,
1228,iot module bosch gen3 orange g4,
57,frame h64 nl bosch direct mount (2021)),
856,a.licht flexio speed 6-36v m/remverl.,
1167,motor unit cover steps 6100 trekking,
595,clamp ring cradle bes3,
618,"spaak 14-294-2,8 rvs dt",
321,frame h65 chamonix hms intube,
319,"isolatieks 180x5,5x6,5mm zwt",
786,disc brake rear/r bl-mt200 1750mm,
697,"afstandsbus 6,2x10x7,5mm",
534,battery cover powertube zwart orange v2,
1045,motor shim steps du-e5000,
565,bub 55-507 zwt/zwt sch big ben plus,
307,a.licht aansluitblok flexio speed klein,
938,"zadelp.g.c/hg verend zvr 300 27,2",
874,handvat set gc10 ergon nexus zwt/zwt,
769,motor cover gen3 links zwt,
852,dragerbeugel   72mm zwt mat,
745,mont.set shim. ksm8s31a02e0d,
727,borgschijf,
903,dragerbeugel   46mm zwt mat,
1068,dragerdek ultimate 2.0 zwt (m),
159,frame m55 medeo hmb powertube gen4,
1310,kopl. trelock veo 12v 50lx ebike,
1103,beltscherm beugel liggende achetr vork,
1181,frame h61 paris hmb (2022),
1141,a.bord 60mm zwt speed r381,
400,zadel s.r. loire 5135drc zwt/bru,
850,d-brake rea/fro mt4n 1800mm bl.2 easyfix,
589,cover remhendel alhonga,
1303,jasbeschermer clip,
1359,v.bord 60mm zwt speed mobie r381,
494,"spaak 14-294-2,8 rvs 18/7  zwt",
543,crank l mir. delta 0 zw. mini isis gen.3,
1147,mont.set nex ksmc7000006,
252,jasbeschermer slot/v-brake 46/57cm groot,
456,frame l45 ultimate 2.0 hmb 750w (2023),
527,belt gates centertrack cdxb 120t bla,
27,batterij.kabel accu naar motor 310mm,
608,cranks.miranda tbv shim. e6100 zwt,
784,accu bosch powertube 500w vertical us,
753,stroomkabel acculader shi steps 2ah/4ah,
314,frame d53 ultimate beltdrive (2015),
433,handvat basis 100mm links dr.b   bru,
720,rear sprocket for belt cdc 24t,
479,motor bevestigingsbouten m6x12 klein,
711,zadel bbb diamond bsd-292,
550,spatschermstang m34 360mm,
910,spaakbeschermer 50t,
405,a.bord 60 mm zwt r381,
1365,stelring 9.5x16x6mm st/chr.,
425,discbrake fw/ls pos. rp 950mm 180mm blk,
228,bub 47-622 zwt/zwt sch marathon,
883,disc brake front/l bl-mt200 950mm assemb,
932,verw.a.pad l. cham. m/spanner zwt gean.,
491,spider bcd104mm g4 kettinglijn 49mm,
305,bout m5x20 torx bosch,
551,frame l64 esprit hms (2023),
1001,kopl. axa cl20 6-12 vdc m/lichtk.,
195,bearing k805-11,
633,side mirror speed zwt 913/712vlge-1/3,
936,jasbeschermer slot/49cm,
940,plug ejot eppsys d 15x30 tx25,
1031,"a.bord 28""/61mm racktype breed l1140",
949,"spaak 14-280-2,8 rvs 18/7  zwt",
718,"spaak 13/14-213-2,34 rvs 18/7  zwt",
222,frame l61 arroyo 1.2 hmb belt,
981,frame l61 bloom hms,
260,zadel a001ur0 zwt z/strop,
690,v.bord 45mm zwt c lite panthone 4164c,
1111,a.derailleur shim. krdm8130sgs,
594,rotor magura mdr-c160mm 6bolt inc magnet,
998,kopl. fenderv.3 bosch met bes3 stekker,
1277,eindstukje kabel (brake)cc117c,
681,stelmoer m4.5 ms/ni tromm.rem,
823,spaakbeschermer acpwh21 shimano,
148,v.vork sunt.nex-e25-ds-hlo-700-ts-50 300,
529,cranks.shim.fc-e6100 zwt,608.0
685,voorschaal avignon,
1217,frame h54 ultimate speed hmb disc,
97,a.spatsch.stang m/bumper alu oma v2,
586,mont.set shim.alf-8.sms700080001,
45,disc brake rotor mag mt4n storm hc 160mm,
982,spider for perf.line/cx/speed/cargo,
290,st.b 545/25.4 stl 0r chr,
801,"vlg mach1-er10 28 1x36 8,5 zwt ges",
207,"spaak 13-274-2,0 rvs 18/7  zwt",
151,bosch led remote,
686,cover powertube ultimate 2.0 bes3,
417,crank miranda delta sh 150mm r. zwt,
1069,balh.stel cap vp kunststof zwt,
125,frame l49 chamonix hms intube,
1028,"vork sun mobie 45 27,5"" 300mm zwt mat",
492,frame.l42 orange bosch 26inch (2020),
1064,jasbeschermer slot/61/65cm,
957,a.bord 28 inch stl nl bosch v2,
170,frame l53 grenoble direct mount,
441,frame l46 grenoble direct mount,
1123,frame m60 medeo hmb powertube gen3,
838,frame l60 medeo hmb racktype gen3,
1349,velglint schwalbe 20 inch 22-406,
1239,frame h60 medeo hmb powertube gen3,
1061,lager 41mm 30.2mm,
35,rear sprocket for belt cdc 24t.,
1091,o-ring 24x2 bes3,
606,stekker t.b.v aansl.a-licht/koplamp,
968,accuslot axa zwt gelijke sleutel,
904,powertube accu 500wh vertical zwt us,
1127,kabelhoedje elvedes metaal 4mm,
743,st.pen promax ma-504 90/31.8 zwt,
568,frame d57 geo-65 staal dhg,
263,connector 3m-uy2,
14,spatschermstang m29 375mm,
465,frame l59 esprit hms (2023),
52,belt gates centertrack cdxbbk 120t zwt,
751,a.drager 66cm tr.merk-z exp.m/veer,
1213,zadelp. magix ad634 zwt mat 270 27.2,
1377,bub 47-622 zwt/zwt sch energizer plus,
292,achterkap rubber avignon zwt,
1030,verw.a.pad r. cham. derail.z/spanner zwt,
499,frame h57 grenoble disc,
1161,handvat dop links bru/zwt,
406,standaard massload ga-ka63 zwt,
221,kett.kast finura bosch gen.3 z/br.bgl,134.0
901,v.vork direct mount 50-622 266mm,
261,speedsensor kabel slim 815mm,
581,plug holder,
124,bracket for belt case tna speed,
1003,batterij.kabel voor drager(comf.line),
566,frame h50 medeo hmb ontube gen3,
768,st.b 640/31.8 magix 48 degree small,
1326,handvat dop rechts zwt/zwt,
78,adapter acculader shimano steps 2ah/4ah,
526,"spaak 13-268-2,0 rvs 18/7",
830,bev.blokje bag.dr.zwt,
523,crank l miranda delta 160mm jis zwt,
624,zadel l s.r gipsy zwt z/opdruk,
462,spatschermstang apollo 60/310mm zwt(m),
457,"thread-forming tap, screw m4x10 black",
887,"a-licht solo xe ebike 14,5vdc",
1022,a.drager zwt (m) esprit,
730,kopl. hermans mr 100 lux zwt,
1281,display shimano steps sc-e5000,
327,a.naaf shi 36g zvr nt nex-7  r/nf,
209,a.licht h- cargo e-bike 6-12v  120mm,
481,kogelgelbout m8 veer bevestigingspunt,
844,a.drager zwt (m) bloom hms (l57-l61),
165,zadel sr on moderate womans zwt,
538,frame h57 ultimate 1.5 hmb 625w (2023),
1005,remunit naaf-a shim brc3000rcl2 zwt,
506,"spaak 13-257-3,2 rvs 18/7  zwt",
960,disc brake rotor smrt66 m 180mm,
758,slot axa block xxl + bosch frame lock,
653,verw. a.pad l. bloom m/spanner zwt,
1241,plug voor lichtleiding 803/80,
576,bub 50-622 zwt sch marathon green guard,
804,bracketbeugel beltscherm t10 zwt,
1360,dragerstrip 12 gaten,
1366,"spaak 14-285-2,8 rvs 18/7  zwt",
0,"vlg mach1 kargo 26 1x36 8,5 zwt ong",
604,bosch powert. 500wh to 625wh adapt. bes3,
994,frame l61 paris hmb (2022),
184,locking assembly,
140,front sprocket belt s4b4bm 55cdx 55t.,
8,"vlg mach1-er10 28 2x18 8,5 zvr ges",
1346,rotor tektro 160-47 5 bolt,
82,frame h55 medeo hmb powertube gen4,
1009,v.vork bloom hms 281mm (2021),
746,a.bord 60mm zwt r381 hub,
588,bib.40/62-622/635 dunlop 40mm,
672,sticker vin speed 50x30mm,
766,frame h59 esprit hms (2023),
1078,kett.kast finura shimano steps m/br.bgl,
547,sensor clip holder bosch (slim version),
68,disc brake rear mt200 (r) 1600mm blk,
272,adapter plate bosch powerside bes3,
1159,washer voor ondermontage fenderv.3,
1240,tube adapter cross fixator,
419,bracketbeugel move,
835,spatschermstang steco 365mm rvs,
128,cable sleeve 1/4 inch 310mm black,
1162,spacer voor kettingblad kmc 2mm zwt mat,
66,v.vork 1 1/8 1inch 50mm band 211mm,
458,stuurstang makki v2 verende vrk zwt,
394,balh.spacer met kabelklem 1 1/8 20mm,
885,stuuraanslag voorvork makki,
684,disc brake rear hd-m750 1600mm zwt z/rot,
24,v.spatschermstang 5mm tna 308mm,
1019,disc brake front magura ct 1050mm,
251,spatsch.bracket voorvork zwt,
39,spider shim. y1vy00010,
688,"spaak 14-290-2,8 rvs 18/7",
1021,v.vork toer 28 inch 40-635 gbf/n 286mm,
285,belt gates centertrack 128t zwt,
1381,design  cover left/top bes3,
1231,frame l49 avignon hmb,
432,crank r miranda delta 160mm jis zwt,
437,rear sprocket 28t cdx nexus 5,
737,bub 47-622 zwt/zwt sch energ. act. plus,
299,adapter for disc brake magura qm51,
1043,frame l54 nl bosch direct mount (2021),
1029,kettingw. 38t shimano steps sm-cre50,
510,a-licht trelock ls611 80mm 6-12 vdc,
1229,frame h57 grenoble direct mount,
907,kett.kast finura shimano steps m/br.bgl,
1149,"spaak 13-285-2,0 rvs dt",
645,a.drager 57-61cm toer m/klapst.,
1322,frame h65 ultimate speed hmb belt,
778,rembuisje 150mm mess/chr,
1207,onderl.schyf hol 6x16x4mm,
1038,trom.remhevel chroom,
1250,kopl. fenderv.3 bosch,
1364,frame l64 nl bosch direct mount (2021),
1368,drager poot rechts avignon,
1154,spatschermstang steco 303mm,
665,cassette shim. cues 10-sp 11-43t,
154,"cup mh-p02 41,4 x 30",
1294,handvat aero leder 100mm dr.b links zwt,
783,kettingsch. beugel cityzen c zwart,
929,"spaak 13-272-2,0 rvs 18/7  zwt",
813,versteller shim. kslm6000rc 10-sp.,
884,frame l45 medeo hmb racktype gen3,
237,accu bosch powertube 625w horizontal us,
1076,a.naaf shi 36g zwt s/rem qr,
1246,disc brake front tektro hd-r280 1000mm,
1333,a.bord 51mm zwt (m) ecotech,
50,frame l61 orange bosch (2022),
596,st.pen niro  250/80 zvr,
1330,frame l46 nl bosch direct mount (2021),
86,zadelklem easyflow 40mm zwart,
26,drager zwt (m) tna speed alu,
579,kopl. axa compactline 35lx e-bike,
704,motor performance line cruise (20mph),
1297,bracket voor b&m koplamp,
1222,a.spatschermstang makki ruw 347mm,
498,plastic kabelkap grenoble,
281,v.bord 28 inch 60 mm rvs r385,
1143,v.vork hsf 1 1/8 dm magura 333mm,
246,verloopring voor frans ventiel,
238,slot axa def zwt m/accuslot,
426,a.naaf shi 36g zwt asgc30017daal disc,
1174,adapter plate bosch lockside,
389,remhendel hj-3043ad rbr zvr links m/rub,
1148,achterpad direct mount,
832,adapter acculader shimano steps intube,
882,frame h54 ultimate speed hmb belt,
920,"vlg mach1-er10 28 1x36 8,5 bru ges",
699,verw.a.pad l. cham. derail.z/spanner zwt,
767,bzk m4 extra lage kop steps sm-due61-fb,
868,st.b stl 0r moon kort zwt,
659,kentekenplaat houder speed black,
803,kettingwiel bouten m8,
277,kettingw. r smno 17t chromoly black 3/32,
1104,drager avignon zwt,
616,kett.kast linea 2 (lang) kl.691,
1378,ferrietkern we-star-bueno split,
1233,vrk. uni cr. 171mm tapered d-br 50-622,
888,dropout links grenoble disc,
106,centerlock ring alhonga,
220,kettingblad 38t direct mount bosch gen.3,
631,cassette shim.acsm410010142  10sp 11-42t,
288,"kabeltegenh.zwart 6,5mm",
454,frame l46 paris hmb (2022),
296,spatschermstang 325mm 26'',
1024,bracketbeugel beltscherm steps 6100 39t,
293,adjustable dropout right,
215,kabelclip atb ac-101,
343,crank r lh mini isis bosch 160mm zwt mat,
1115,disc brake rear bl-mt200 1450mm,
81,frame l46 esprit hms (2023),
1113,v.bord 28 inch 61mm breed l660,
334,motor perf. line speed(45km/h / 28mph),
897,rotor cl tr160-35a 1.8mm w/o lockring,
979,olive & connector insert for sm-bh90,
1265,left hand dust cap ksm8r20ld0010,
460,a.spatsch.stang m/bumper alu oma,97.0
476,v.bord 60mm zwt(m) r385 alu,
683,rembekrachtiger hs11/33 al blk mag,
736,derailleur pad ultimate speed,
363,v.vork direct mount 50-622 226mm,
1037,rotor 180mm 2.3t 6-bolts,
1258,frame l46 ultimate 1.5 hmb 625w (2023),
1081,screw tbv sensor clip holder bosch slim,
734,spatschermst 5mm makki voor 206mm ruw v2,
166,disc brake front tektro hd-t280 950mm,
795,cradle bbp37xx bes3,
345,kopl. axa ecoline 15lx m/lichtk.v en a,
789,rotor tektro 160 6-bolt,
104,a-licht axa blue line 6-12v,
1355,accu mount shim. steps bm-e80163 300mm,
311,kunststof strip spatbord apollo l=800mm,
973,rotor alhonga 180mm wo/centerlock,
1058,disc brake rear bl-mt200 1650mm,
560,spaakbeschermer 30-36t ap-113,
177,bosch display interface rear plug,
755,disc brake rear bl-mt200 1400mm,
1118,slot axa block xxl ontube,
113,frame h50 medeo hmb powertube gen3,
428,lagerbusje tr.stuur chr00m,
1247,handvat set gp1-l ergon nexus comp.,
866,"spaak 13-284-2,8 rvs 18/7  zwt",
1096,draaiverst. nex-7 230cm sl-c3000-7,
571,v-vork ntf 1 1/8  d-br. z/lichtl. 338mm,
541,batterijstrip powertube medeo,
1259,frame l59 esprit belt (2023),
760,"spaak 13-231-2,0 rvs 18/7  zwt",
475,"moer bevestig nuvinci hw-hnut-oe 3,6mm",
1079,a.naaf shi 36g zwt nex-8 disc r/nf,
807,st.b 640/31.9 alu 0r ladytown zwt,
1197,handvat basis 88mm rechts bru,
997,batterij.kabel accu naar motor 520mm,
693,versteller shim.m5130,
656,afdekkapje onderbuis avignon,
1026,bzk bout m4x8 d7991/i10642 (rvs-a2) borg,
1158,crank r miranda delta 0 isis v/bosch zwt,
1187,frame l57 bloom hms,
478,rembuisje 100mm mess/chr,
331,a.drager zwt (m) bloom hms (l49-l53),
233,kabelhoedje  messing/nikkel,
1073,verw.a.pad l. cham. z/spanner zwt gean.,
1341,a.bord 65mm zwt apollo r390 v2,
1235,rubberen beschermhoesje voor sleutel xxl,
152,zadel rondine gri dark grey cover,
118,zadel s.r. gipsy  bru z/opdruk,
153,kett. kmc e10ept rb e.bike 122sch.,
806,st.pen shuttle v/2 105/160 zwt z/logo,
223,kentekenplaatverlichting spanninga lpl,
1282,"spaak 13-246-3,2 rvs 18/7  zwt",
1098,cover powertube ultimate 1.5 bes3,
881,frame l57 arroyo 1.2 hmb belt,
1083,st.b 580/31.8 alu 0r flat xc zwt,
291,foam grip 235mm zwart per stuk,
927,powertube cable 310mm w/o charging sock.,
562,frame l53 grenoble disc,
289,st.pen promax ma-504 120/31.8 zwt,
1256,spatschermstang 5mm steco 342mm,
344,kett.sch.beugel bb grenoble,
908,"spaak 14-292-2,8 rvs 18/7  zwt",
1136,st.pen promax ma-504 80/31.8 zwt,
266,caliper fixing ring bottom alhonga,
493,front sprocket 50t,
139,bub 47-559 zwt/zwt sch marathon,
15,frame h59 esprit belt (2023),
797,belt gates 11m-130t-12ct zwt,
483,frame d49 ultimate beltdrive (2015),
1301,crank r mir. delta 0 zw. mini isis gen.3,
360,zadelpenset hub fiets 350mmx27.2mm magix,
669,lichtl. exp. 1850x3.6  50mm ongestr.,
1361,spatschermstang m43 390mm,
601,v.bord 60mm zwt r381,
1208,kett.kast finura bosch gen.3 z/br.bgl,
225,frame h65 paris hmb (2022),
1075,a.bord zwt b50g r381 m/lichtkabelbuis,
952,st.pen shuttle v/2 105/160 zvr z/logo,
324,lock screw m4x27,
556,velglint 6770 15mm zilvergrijs,744.0
91,schuitje kettingsp.gaz.a.vork,
1280,bib.57-406 compact 50815,
879,v.spatschermstang easyflow 308mm 2021,
834,balhfd spacer h=112mm od:33mm id:1 1/8,
515,kopl. 6-60 vdc 150lx ebike,
765,afdekrub.laad conn.+accuslot zwt,
1314,frame l49 ultimate 1.5 hmb 625w (2023),
1036,vork suntour 1 1/8 nvx30 300mm,
988,kett.scherm beugel finura t-strip,
497,kopl. b&m upp 6-12 vdc 40lx m/lichtk.,
219,rotor tektro 180 centerlock w/o lockring,
842,frame h53 ultimate 1.5 hmb 625w (2023),
208,kopl. axa b.line accu 12v 30lx,
1389,screw m8x16 mm,
463,bub 60-584 schw. mar. efficiency zwt/zwt,
674,alu accustrip powertube grenoble bes3,
632,spatschermstang apollo 60/314mm zwt(m),
731,a-der. shim. ardm4120dsgs deore 10 sp,
144,achterlichthuls gazelle nr.7,
190,doorvoerdop nr.531 grau,
1238,spatschermstang 320mm 26'',
1121,slot axa imenso l m/accuslot zwt,
341,bib.40/62-507 dunlop 40mm,
1055,v.montagesteun,
925,frame l46 arroyo 1.2 hmb belt,
820,"vlg ryde hl32 635 28 1x36 8,5 zvr ong",
754,bosch acculader 4a 230v,
902,handvat aero leder 100mm dr.b links bru,
1324,jasbeschermer slot/53/57cm,
1302,bevestigings bracket apollo zwt,
525,veiligh.pl.16x10x2 rvs,
928,v.bord yipin yp-068 20inch rvs ruw v2,
409,stekker t.b.v. koplamp avignon,
278,disc brake front mt200 750mm assemb.,
1342,st.pen transx jd103a 110mm zwt,
500,boutje tbv handvat ivm stuurb.,
1186,display shi. steps sc-e6100 25.4/31.8mm,
648,frameplaat dutynl curana st. 962,
829,spaakmagneet bes3,
96,v.naaf 36g zwt disc nt quando,
111,st.b 31.8mm alu sportive zwt,
828,spatschermstang steco 349mm,
953,fitting spanninga 9,
644,spatschermstang m36 370mm,
516,kopl. hermans mr8 60 lux zwt suntour,
546,zadelklem sc-203 35.2mm zwart,
126,houder voor balhoofdplaatje,
32,snelb. zwt voor commuterdrager,
634,a.bord 60mm zwt(m) apollo,
287,frame m57 ultimate speed hmb disc,
49,rotor magura mdr-c 180mm centerlock,
338,frame m57 ultimate speed hmb belt,
36,"doorvoertule 38x24,9x31x1,6 pvc zwt",
132,bosch kabel hmi 250mm,
1042,v.drager zwt (m) bloom hms,
1131,tandwielborgring sg-8r20-y32120100,
1299,frameplaat dutynl,
626,front sprocket for belt cdc 55t wo/guard,
1371,speedsensor kabel slim 615mm,
366,remunit naaf-v shim brc3000fb2 zvr,
643,disc brake fw/ls pos. rp 850mm 180mm blk,
356,kett. shim. kcnlg500130q 130 schakels,
75,handvat dop links zwt/zwt,
168,insert pin and olive alhonga,
72,plastic kabelkap grenoble bes3,
265,crank l lh square 170mm zwt/m,
365,logo sier sks borden,
657,v.naaf shi 36g zwt disc+v/rem 6v/3.0w qr,
1133,zadel s.r. lift 1503urn zwt,
1385,accu cover grenoble 2.0 bes3,
1166,kabelgeleider hesling ed-cablepl-200 zwt,
992,frame l61 ultimate hmb belt (2019) v2,
1214,lockring for bdu4xx,
1285,a.drager 53-65cm zwt (m) bosch 2020,
1095,v.vork sunt 1 1/8-1 1/2 mobi a32nlo 300m,
670,a-licht commuter glow xe 6v-48vdc spann,
824,a.drager bosch 2020 m.zwt m/klapv.,
950,v.bord 65mm zwt apollo tbv hsf vrk,
1321,front sprocket 39t belt cdx steps 6100,
970,a.naaf shi 36g zwt disc 8sp,
150,bub 50-622 zwt/zwt sch big apple k-guard,
863,hybr.bel compact 2 zwart/wit,
716,coverbridge zwt,
1329,discbrake rear right ht474 2000mm kit pm,
193,draaiverst. env city zwt,
954,"spaak 13/14 sb-223-3,2 18/7 zwt",
1155,crank l lh mini isis bosch 170mm zvr,
448,o-ring,
93,"vlg mach1-er10 28 1x36 8,5 gri ges",
411,handvat herr primo rechts 22/130 zwt/zwt,
1067,set 2 screws flatmount m5x35 t25,
1382,pomp sks vx 455-505mm zwt z/tekst,
1049,kopl. swingo xe 6-36 vdc chr m/refl,
607,kettingblad 52t direct mount boost,
563,front sprocket belt f546bsn cdx 46t,831.0
1304,expanderbout m8x270 m/gaz.vign,
655,st.pen promax mq-522 quill 105mm zwt,
1087,a-licht x-vision 6-12vdc,
987,a.naaf shi 36g zwt s/rem qr,
1320,frame h65 ultimate hmb belt (2019),
206,a-reflector br-12,
74,kabelgel. 205mm tbv bord fa-311-60re1,
21,frame h61 geo-65 staal,
1047,kopl. b&m 12v 30lx ebike,
309,motor bevestigingsplaat gen3 2022,
798,bracketcover rechts zwt,
254,dropout rechts grenoble,
1129,frame h55 medeo hmb ontube gen3,
1264,rotor for db magura mt4n storm cl 180mm,
1216,verloopnipp 14/met dr.13 sapim,
1157,kett. shim. kcnlg500132q 132 schakels,
742,vlg ryde zac25 28 1x36 zwt ong,
732,zadelklem set m/hevel zwt,
429,frame l46 avignon hmb,
636,frame l49 grenoble direct mount,
729,mont.set tandw.torp.nexus-7,
240,verlengkabel koplamp 1150mm,
351,onder cone vp-z051ad zwt,
1066,bosch charging socket holder u2.0,
1225,kapje groot jasbeschermer,
991,frame l60 ultimate 2.0 hmb 750w (2023),
757,frame h61 ultimate speed hmb belt,
598,drager 26 inch zwt m bosch 2020 m/klapv.,
381,bosch y-cable can interf. racktype 800mm,
438,st.b 620/25.4 alu 3r riser zwt,
418,rotor shim. rtem300 160mm centerlock,
1363,"kabelhoedje mess. bi.diam. 5,2",
103,kabelhoedje elvedes kunststof 4mm,
1206,motor unit cover steps sm-due50-c,
161,cranks. lh alu z/stofkap kl. zwt l=170mm,
642,logo bezel performance line,
865,kett.scherm grenoble 1.1 alu 46t zwt mat,
519,handvat dd36br 125/22mm rechts zwt//zwt,
1122,batterij kabel 400mm bes3,
1227,zadelp. sp-326 zwt mat l300/100 31.6,
641,der-a shim. krdm6000dgs 10sp,
1092,zadelpenset hub fiets 270mmx30mm magix,
1017,bub 50-622 kof/kof sch fat frank,
993,trommelremhandvat 8mm,
969,remunit naaf-a shim nex. im31,
387,st.pen swch  110/31.8 zwt adj,
667,front sprocket belt cdxs50bg4ub 50t.,
915,acculader tbv. boschaccu 2 ah,
1275,"zadelp.kaars chr 205 26,1",
135,kunststof bev.knop ultimate,
906,zadel s.r. lift 1503urn antique bru,
346,spatschermstang 5mm steco 313mm,
584,o-ring,
707,bosch sleeve ventielsensor bes3 schrader,
710,rear sprocket 24t cdx nuvinci,
1193,antenna holder bosch gen3,
628,"bub 47-559 zwt/zwt energizer act.pl 26""",
1057,switch integration cover left,
794,frame h55 ultimate 2.0 hmb 750w (2023),
268,balhfd pl.scudo gazelle 2020,
434,kett.sch.beugel li.a.vork esprit belt,
323,remkab. buiten zwt rol 4000mtr,
1220,plug in charging socket 680mm,
1278,handvat dop rechts bru/zwt,
871,kabel sa3 1360/1465 mod21 linr,
591,speed sensor magneet rotor sp-s10,
129,rotor for db magura mdr-c 6bolt 160mm,
339,disc brake front mt420 950mm j-kit,
396,bzk bout cil. m3x12 iso4762 zwt,
1039,accu bosch perf.line goud 400wh rack us,
371,frame l55 medeo hmb racktype gen3,
837,frame h66 geo-65 staal,
490,v.bord 28 inch toer trom.uitv.  v2,
1041,"crankbout bzk m15x1x13,4 v/bosch",
1063,"spaak 13-258-2,0 rvs 18/7  zwt",
242,kett. kmc x8-93s 1/2x3/32 104sch.,
164,rembuisje 225mm mess/chr,
836,"mont.bandje tie-rap 203x3,6",
336,spatschermstang steco 367mm zwt,
77,accu mount shim. steps bm-e80164 600mm,
1172,draad ferrule twin entry 0.5mm2 8mm,
1295,zadel s.r. essenza plus mod. zwt m/gel,
858,kabel shimano steps 1400mm,
1362,v.naaf shi 36g zwt ahbm6010ax disc,
1140,kett.scherm bosch g4 50t/52t zwt,
25,bib.32/47-622/642 dunlop 40mm,
1048,crank r lh mini isis bosch 170mm zvr,
553,frame l54 esprit hms (2023),
600,a.drager zwt city 42mm band m/klapv.,
313,bracket belt scherm 46t,
995,frame l46 orange bosch (2022),
945,v.vork toer 28 inch 40-635 gbf/n 276mm,
1270,disc brake rotor smrt66 s 160mm,
469,a.naaf shi 36g afhmt400ba zwt disc,
44,frame l49 bloom hms,
975,spatschermstang m31 345mm,
1243,"lower cup 44mm for 1,5 inch front fork",
1263,frame l46 esprit belt (2023),
1268,design cover left performance line,
180,a.naaf shi 36g zwt disc coasterbr. nex-5,
137,crank l lh mini isis bosch 160mm zwt mat,
444,remunit naaf-v shim brc3000fbl2 zwt,
199,vrk. uni cr. 211mm tapered d-br 50-622,
1054,motor shim steps du-e6100 vl 25kmh/20mph,
833,snelb. rvs haak kort zwt/zwt/zwt,
905,v.rem hs11 front/left 800mm direct mount,
853,front sprocket belt s5b3bm 55cdx 55t.,
913,a.bord 26 inch zwt b53 m/kabelgeleiding,
578,frame l46 grenoble disc,
647,drager poot orange 2018 326mm,
1040,bub 50-622 zwt/kof sch fat frank,
374,v.vork verend sun sf20 mobie a32 zwt (m),
728,design cover right performance line,
275,st.b 610/31.8 alu orange zwt magix,
414,rotor shim. asmrt30m2 180 centerlock,
1169,spatschermstang 5mm steco 326mm,
1298,"spaak 13-268-2,0 rvs 18/7  zwt",
873,spatschermstang steco 370mm zwt,
841,screw verzonken 3x12mm kunstof zwt,
1388,bosch drive unit act plus gen3 20mph us,
695,bevestigingsprofiel powerside,
310,frame h61 chamonix hms intube,
395,cranks.lanhang st. verchr. m/clearcoat,
1327,k.scherm drive zwt 42t-46t z/beugel,
1016,frame l53 bloom hms,
116,"spaak 14-224-2,8 rvs 18/7 zwt",
217,iot module future bosch b2b e-lock,
869,v.vork hsf-db-1 1/8 333mm z/lichtl. 2020,
639,slotcover onder zwt,
11,speichenmagnet hinterrad n48 2.4mm,
1252,"shim 27,2 - 31,2",
55,spatschermstang steco 365mm zwt,
880,"spaak 14-292-2,8 rvs 18/7",
1376,"shim 31,6 - 35,3",
1090,a.drager 57-61cm toer m/veer,
105,frame l46 ultimate hmb belt (2019) v2,
930,kett.kast linea 3 (lang) kl.886 (m),
713,bosch y-cable can interf. frameype 370mm,
1120,draaiverst. env trek d.grijs,
916,"spaak 13-284-2,0 rvs 18/7  zwt",
402,cassette shim.acshg2019136 9sp 11-36t,
678,bout m5x12 torx bosch,
855,bosch motor perf.line 25kmh/20mph,
540,expanderklos m8 m/kg 4mm,
872,frame l46 easyflow ( 2021),
1315,a.naaf sta 36g zvr trommelr nt 3sp,
1034,disc br. rear/r bl-mt410 1500mm,
761,kett.kast ride steps zwt (m),
504,kett.kast beugel no:67,
610,zadel s.r. herz  bru z/opdruk,
404,mounting kit shim. kbme80302a 400mm,
984,bosch lichtkabel front 1400mm,
675,a.drager 26 inch easyflow steps,
69,v.vork. direct mount 50-622 206mm,
593,frame h61 arroyo 1.2 hmb belt,
5,st.pen transx jd103a 120mm zwt,
115,frame m49 ultimate speed hmb belt,
443,frame l61 grenoble disc,
890,powertube oplaadkabel 500mm,
544,drop out mounting plate draadgat m6,
1218,"afstandsbus 8,2x12x30mm pa66 zwt",
840,frame h64 esprit hms (2023),
763,screw for frame base m4x16 bes3,
1032,rembuisje 200mm mess/chr,
241,verloopnippel 13/14,
1051,rechterasmoer,
185,500wh alu accu adaptor,
505,mont.set nex ksmc700000b,
71,kett.scherm velo 42-46 ingekrt makki zwt,
473,bev.beugel spatbord b50 zwt v2,
367,crank l miranda delta 0 isis v/bosch zwt,
831,front sprocket belt f5462bsn cdx 46t,
286,kettingscherm beugel bosch g4 50/52t,
719,"vlg ryde dutch 28 2x18 8,5 gri  ong",
750,remarmstrop zwart dia:19mm,
382,a.bord curana orbit 70mm zwt mat,
423,frame l59 nl bosch direct mount (2021),
724,logo bezel active line plus zwt gen3,
583,slotcover boven zwt,
1053,rear sprocket for belt cdx 34t,
663,kentekenplaathouder tbv spanninga lpl,
120,"spaak 13-283-2,0 rvs 18/7  zwt",
603,frame m45 medeo hmb powertube gen3,
1245,binnenkab. 2000mm rvs,
692,beugel spatl. rvs toer bord,
1106,krimpkous 20mm black,
1173,br.as jive 3.0 fs 128l/131.0 (bsa),
1023,v.naaf shi 36g zwt s/rem qr,
375,bub 50-622 schw. energizer plus zwt/zwt,
537,disc br. rear/r bl-mt200 1450mm assemb.,
114,retroflector fendervision,
1171,switch integration rotation limiter,
722,velg dutch19 1x36 umbra gri ral7022 ongs,
815,frame h49 nl bosch direct mount (2021),
1312,batterij kabel 1100mm bes3,
467,speed sensor bosch slim 800mm 1270020806,
1165,tule v/lichtl.zwart nr.v52,
182,frame m53 ultimate speed hmb belt,
575,pedalen fp-839 9/16 pp-body gri/zwt v2,
253,kett.scherm belt staal zwt gean.,
181,frame l57 chamonix hms intube,
1168,bub 55-622 zwt/zwt scalato mondano,
449,"vlg dutch 19 1x36 8,5 zwt ong",
1323,k.k.beugel (acht.) t.strip finura no:64,
1393,acculader shimano steps 2ah /z netsnoer,
337,motor performance line cruise (25km/h),
1050,crown race k603-06,
715,st.pen swch 110/25.4 zvr adj,
620,"spaak 13-257-2,0 rvs 18/7  zwt",
1077,ultimate bracket strip l46 - l53cm,
822,v.vork al disc 50-622 50/485 333mm,
826,plug in charging socket 100mm,
738,mont.set flowline ksm7r45n25oh,
1082,a.drager dek e-family,
1085,k.k.beugel (acht.) t.strip finura no:66,
542,kett.kast linea 3 (lang) kl.001 (m),
791,crank r lh square 170mm zwt/m,
109,kopl. trelock veo 12v 50lx ebike,
1119,remarmstrop zwart,
661,accustrip ultimate 1.5 625w bes3 zwt,
1099,slot axa block xxl + bosch rack lock,
379,speed sensor magneet rotor sp-ss20,
1272,st.b 640/31.8 magix 48 degree large,
450,doorvoerdop rem/versn kabel zwart,
19,motor cover avignon zwt,
772,"thread-forming tap, screw m4x8  v2",
204,ondercone k803-1,
302,frame l49 grenoble disc,
1379,switch for assist steps sw-e6010-l,
561,zadelklem set m/hevel zvr,
899,kett. kmc x8-93s 1/2x3/32 106sch.,
42,bosch motor perf.line speed w/plates,
284,bosch drive unit active gen3 20mph usa,
660,alloy cap k603-02,
485,bub 35-622 zwt/zwt sch spicer plus,
200,kett.scherm belt alu 46t zwt mat,
1072,adapter plate bosch powerside,
1391,dop accuslede steps wit,
84,lichtl. 2-cores 1400 2-cp,
986,acculader boschaccu active/perf.line 4ah,
1065,v.bord 24 inch easyflow (2021),
978,frame h57 paris hmb (2022),
28,pedalen fp-972 9/16 alu-body zwt/zwt v2,
1100,kett.scherm move3 sch.zwt tail zw.ri.zw,
60,bracket voorkant z/harnas interface,
308,"spaak 13-282-2,8 rvs 18/7  zwt",
752,zadel s.r witch zwt s.r.8069,
100,accu bosch powertube 625w vertical us,
1274,bracket for belt case tna 46t,
503,jasbeschermer slot/v-brake 61/65cm groot,
971,mont.set nex 5 for belt.dr- ksmc7000009,
980,frameplaat miss grace no-48,
63,plug cover,
1196,"spaak 13-270-2,0 rvs 18/7  zwt",
1176,500wh plastic kabelkap,
951,disc brake rear mt420 1450mm,
364,versteller shim. kslm8130rc,
145,frame l53 bloom hms (2021),
33,kett.scherm beugel achter tbv move 12,
1116,v.bord 65mm zwt apollo tbv suntour vrk,
668,drager zwt (m) makki,
101,remhendel hj-3043ad rbr zvr rechts m/rub,
94,achterkap avignon  nexus 5/7/8,
1184,frame h57 ultimate speed hmb belt,
602,kapje voor remarm zwart 26.5mm,
705,disc brake rear tektro hd-t280 1650mm,
860,"vlg mach1 kargo 20 1x36 8,5 zwt ong",
1392,bosch motor perf.line cx 25km/h w/plates,
1033,balhfd pl.gaz.r16 foam lymlaag,
1386,harnas bracket set achterkant,
65,"vlg mach1 650  28 1x36 8,5 zwt ong",
136,a.naaf shi 36g zwt rbr nt nex-8 m/stofkp,
530,achterwiel sensor cable bosch 615mm,
744,velglint tesa 4661 18mm blauw,
318,handvat set gp1-l ergon duimverst. comp.,
1372,kopl. spanninga axendo 60lx z/ll,16.0
735,iot module future,
270,frame h61 grenoble direct mount,
939,design cover right perf. line speed,
808,v.spatsch.stang.28w m10 puur nl v2,
701,frame h53 ultimate hmb belt (2019),
508,v.spatschermstang 5mm 294mm,
817,v.vork bloom hms 246mm (2021),
110,crank l lh mini isis bosch 170mm zwt/m,
597,v.rem hs11 front/left 750mm direct mount,
385,frame l49 makki achter,
662,frame h53 orange bosch (2022),
259,bevestigingsplaat ndc rvs,
650,a.naaf shi 36g zwt disc nex-5,
983,kett.scherm belt alu 55t zwt mat,
194,frame l61 bloom hms (2021),
256,versteller shim.kslm4100rc deore 10sp.,
1380,"spaak 14-289-2,8 rvs 18/7",
934,kett.kast framebeugel lakdoek 28inch,
422,a.derailleur shim. m5130,
1114,"vlg mach1-er10 28 1x36 8,5 zvr ges",
64,standaard ursus jumbo 2,
1224,lagerbusje zw.tromm.stuur,
1375,supp.frame base vertical bbp37xx bes3,
846,kett.kast draad lakdoek 26/28inch 73cm,
524,kett.kast linea 2 (lang) kl.896,
1020,rubberen beschermhoesje voor sleutel,
1286,bosch kabel hmi 250mm,
747,bosch y-cable powertube (pwr+can) 950mm,
1338,moer m8 bevestiging bosch,
1202,stuurstang geleider makki,
1002,v.bord zwt b50g r381 kort fenderv.3,
373,onderkant box,
325,bel dingdong chroom 80mm,
41,st.pen switch integration w/o cover,
421,adjust cone k913,
948,st.b 580/25.4 stl 0r zwt,
262,belt gates cdnb122,
703,frame h54 esprit belt (2023),
90,kettingblad 38t dm chainflow bosch gen.3,
1307,balh.stel cap 58mm 1-inch kunststof zwt,
946,doorvoertule 16x10x12x3 pvc zwt,
1308,"spaak 13-287-2,0 rvs 18/7",
605,snelb. gazelle tour zwt,
459,disc brake front tektro hd-280 1000mm,
197,speed sensor steps ksmdue10 540mm,
770,disc br. rear/r bl-mt410 1550mm,
805,frame h54 nl bosch direct mount (2021),
9,frame l49 ultimate hmb belt (2019) v2,
176,frame l61 grenoble direct mount,
43,"kett.kast 26"" finura bosch gen.3 z/brbgl",
777,dragerreflector hoh 80mm,
416,"spaak 13-282-2,0 rvs 18/7  zwt",
10,mont.set cass. joint ksm7c25n160b,
122,"st.pen swch  110/25,4 zwt adj",
947,kettingblad 38t w/o cg bosch gen3 zwt m.,
386,tapt.m5x20 6k/fl vz t3 uitv.,
780,bracket for belt case tna,
625,draaiverst. env cargo zwt,
1156,a.spatschermstang 5mm tna 240mm,
355,disc brake front/l blmt200 1000mm assemb,
1086,draaiverst. nex-8 230cm sl-c6000-8,
787,disc brake front br-mt200 950mm,
964,disc brake front hd750 2600mm zwt z/rot,
18,licht.kabel voor achterlicht(bosch),
812,der-a shim. ardm5120dsgs,
912,handvat aero leder 88mm rechts bru,
502,bub 55-406 zwt/zwt sch big ben plus 20in,
725,frame uni 49/m steps avenue,
1046,afdekkap accu bovenzijde esprit hms,
173,bosch powertube 500wh to 625wh adapter,
279,licht.kabel voor makki 2100mm,
142,curana adhesive folding clip,
358,kettingw. shim.k-sm-gear-18s,
482,frame l53 avignon hmb,
359,adapter plate bosch lockside bes3,
87,"vlg ryde x-plorer 559 1x36 8,5 zwt ges",
627,speed sensor steps ksmdue10 760mm,
652,zadel s.r. loire 5135drc  zwt,
859,kopl. trelock veo 50lx steady auto-l,
317,a.naaf shi 36g ksgs70018al alfine,
155,motor unit cover steps 6100 sm-due61-c,
1194,kapje v/pylknop zw.n.1974.01,
1192,bub 47-622 zwt/zwt scalato mondano,
1137,a.drager 66cm toer m/klapst.,
1060,"velg ryde zac25 27.5 1x36 zwt v8,5",
891,frame l49 esprit hms (2023),
149,s-clip zwt,
1336,frame m50 medeo hmb powertube gen4,
315,compressionring 6mm,
609,stuuraanslag postmod. ot-903hg 41.4 45gr,
1260,v.vork ntf 1 1/8 338mm dm magura,
1306,bosch kabel hmi 1500mm,
245,motor bevestigingsplaat gen3,309.0
1108,lock axa 2014 battery rack type bosch,
985,belt gates 11m-125t-12ct zwt,
347,klem jasb. tie-rap 140mm,
870,"spaak 14-256-2,8  18/7  zwt",
811,frame l61 ultimate 1.5 hmb 625w (2023),
95,disc brake rear bl-mt200 1500mm,
961,voorreflector houder 31.8mm incl refl.,
613,frame l53 orange bosch (2022),
1331,bzk bout m10x90 d912 (rvs-a2),
1199,bub 55-559 zwt/zwt sch big ben plus 26in,
990,kapje v/tr.remarm kunststof,
1311,ring bevestiging bosch,
484,draaiv. env. twist display pro (2021),
1145,bub 47-622 zwt/bru sch energ. act. plus,
935,manual hub int. env. 44t (2021),
384,screw m3x14,
354,kettingblad 38t bcd104 chainflow zwt,
933,slot axa def zwt m/accuslot,
799,steekas e-thru axle rear 148x12mm,
509,frame l55 ultimate 2.0 hmb 750w (2023),
796,frame l57 ultimate hmb belt (2019) v2,
1179,a.bord 28 inch alu esprit hms,
629,pedalen union 685 ru m/keur.h.,
1074,tandwielveerring,
1253,kettingspanner flowline,
630,"zadelp..jd-sp15 verend zwt 300 27,2",
322,handvat aero leder 88mm rechts zwt,
276,alu accustrip powertube orange,
392,battery cover powert. zwt grenoble 1.2,
214,bosch cover socket,
1267,drager poot links avignon,
1390,drager 26 inch poot orange 298mm 2018,
470,verw.a.pad l. 12x148 z/spanner zwt gean.,
247,stuurpendopje promax mq-522,
73,v.rem hs11eco.right.lever 700mm evo2 w/o,
1313,"spaak 13-250-3,2 rvs 18/7  zwt",
520,a.bord 60mm zwt usa speed r381,
274,spatlap apollo 65mm lang zwt,
301,disc brake front br-mt200 1050mm,
243,frame base plug,
48,"spacer 2,0mm nuvinci hw-spcr2-oe",
580,frame h45 medeo hmb powertube gen3,
187,moer bevestiging nuvinci hw-anut-oe,
552,cassette sturm. archer csms2 10sp 11-42t,631.0
827,spatschermst steco p3993 342mm mat zwt,
646,veer v/gaz.tromm.stuur rvs,
298,shim. pp kabel op rol oem zwt,
864,a.naaf shi 36g zvr rbr nt nex-7,
900,balhfd spacer h=65mm od:33mm id:1 1/8,
412,logo bezel performance,
1,bub 47-622 zwt/zwt scalato diverso,
1025,centerlockring for tektro rotor tr50a,
819,switch integration cover r,
712,versn.kabel pp op rol zwt,
430,kettingw. 23t shim. nexus asmgear23lu,
1356,a.naaf env hd 36g zwt disc nt (2021),
210,display boschmotor  performance intuvia,
931,kett.sch.beugel li.a.vork grenoble 1.1,
30,licht.kabel voor koplamp(bosch),
189,rotor cl tr180-35a 1.8mm w/o lockring,
962,bracket boven b&m koplamp,
255,kettingblad 42t direct mount boost,
1138,disc brake magura ct 2000mm 2easyfix r/r,
517,v.spatsch.stang 5mm zetting m/zwt 331mm,
1198,a-licht solo xe ebike 6-12vdc,
466,achterpad direct attachment zwt,
1044,spatlap apollo 65mm zwt,
85,"zadelp.g.c/hg verend zwt 250 27,2",
691,bosch clamp led remote universal,
226,powertube accu 500wh horizontal zwt us,
431,accu cover chamonix my21,
58,"rubber shim 31,8mm b&m set/4 st.",
282,"kettingw. 18t  3/32""x1/2"" flat 9-spline",
638,der-a shim. ardm3100sgs alivio 9 sp,
239,rempyltje tromm.stuur gaz.,
1151,locking assembly bbp37xx pivot bes3,
1273,v.naaf sta 36g zvr trommelr nt,
739,a.drager zwt city 42mm band,
1211,frame h60 ultimate 2.0 hmb 750w (2023),
554,nylon knop voor snelbinder,
590,versteller shi nex5 revo zwt l:2320mm,
843,frame h53 arroyo 1.2 hmb belt,
918,accu bosch powertube 750w horizontal us,
814,standaard ursus mooi zwt,
531,bracket batt.montage onderbuis,
235,dop sier grijs,
996,spiralschlauch d=4mm  pe black beipack,
919,spatlap apollo 70mm zwt,
886,bib 62-584 schwalbe sclv.vent 40mm,
1180,a.bord 24 inch easyflow (2021),
23,frame m46 ultimate speed hmb disc,
420,chain stay adapter tbv speedsensor,
898,kett.kast ride steps enviolo zwt (m),
178,frame uni 44/s steps avenue,
397,frame l49 nl bosch direct mount (2021),
1153,zadelp. magix ad634 zwt mat 350 27.2,
708,vrk. uni cr. 191mm tapered d-br 50-622,
413,"spaak 13-270-2,0 rvs 18/7",
1134,bub 50-622 zwt/zwt sch fat frank,
224,double cable 1400mm uv resistant,
1109,a.bord 45mm zwt c lite panthone 4164c,
1244,drager zwt (m) city,
192,frame l53 arroyo 1.2 hmb belt,
839,stuur oud holl.m/kg z/ril 3nok,
1269,st.b 625/31.8 alu 0r chb-a6042 zwt,
507,frame l46 orange bosch 26inch (2020),
326,disc brake rear magura ct 2050mm,
640,dynamo un-4190 links zvr,
1383,kettingscherm beugel velo bosch g3,
340,frameplaat bloom hms ruw,
862,kabel sa3 1420/1525 mod21 linr,
312,frame l61 chamonix hms intube,
295,standaard  cl-ka63 zwt,
447,balh.stel xr-k57 upper set,
749,kopl. spanninga axendo 40lx plus t,
894,zadelp.g.pm750 zwt  235 27.2,
599,"spaak 14-291-2,8 rvs 18/7  zwt",
955,v.bord zwt b50g mont.lip gat 21mm,
6,twin light cable v2 1400mm ,
496,a-licht brasa e-bike 6-14v 80mm v2,
1164,kett. kmc x10e rb e.bike 126sch.,
297,a.spatschermstang 5mm  m/zwt 322mm,
22,"kabeltule 16x2,5x20x25x8 pvc zwt",
1170,damper foil poron plug for bbp37xx bes3,
1209,adjust cone k603-03,
976,drager 24 inch zwt (m) city ndc,
1144,v.spatschermstang 343mm,
756,disc brake rear mt200 (r) 1550mm blk,
250,balhfd noksch/key washer alu,
1352,k.k.beugel (acht.) easyflow,
294,kett. 1-s z1ept 150mtr gri/gryant,
269,sa kontrole stift 3-streepjes,
472,support plate,
741,afdekkapje onderbuis avignon bes3,
941,strip bevestg lichtl spatbord 74x20mm,
965,kett. kmc x8-93s 1/2x3/32 102sch.,
40,belt gates 11m-132t-12ct zwt,
329,spatschermstang 5mm steco 276mm,
1093,logo bezel active line zwt gen3,
486,balhfd spacer h=95mm od:33mm id:1 1/8,
1335,ketting shi 9-s cnhg53 bulk rol 150 mtr.,
1254,frame d57 ultimate beltdrive (2015),
771,kett. kmc e10 sport ept 118 schakels,163.0
1135,"opvulbus alu 8x3x5,2mm",
211,pedalen vpe-625 alu body zwt/zwt,
1370,frameplaat miss grace no-46,
694,motor cover gen3 rechts zwt v2,
1337,design cover left perf.line speed m/bez.,
944,st.pen magix cas-jd6361n l=100 zwt,
229,slot axa def zwt m/accuslot,
1358,o-ring,
350,a.naaf shi 36g zwt nt nex-5,
689,disc brake rear tektro hd-t280 1600mm,
487,manual hub int. env. 40t (2021),
271,bosch display intuvia 100,
677,kettingscherm beugel belt 54mm,
911,disc brake front mt420 850mm,
696,compression ring k603-04,
615,bosch acculader 4a 110v,
889,kabel sa3 1820/1925 mod21 linr,
698,a.drager 26 inch zwt (m) bosch 2020,
17,drager zwt (m) bosch 2020,
1287,lamellenstop 19mm zwart,
1177,frame h57 orange bosch (2022),
198,"spaak 13-262-2,0 rvs 18/7  zwt",
1223,frame m46 ultimate speed hmb belt,
549,screw m4x6 din7500-c zn/ni black,
572,"vork sun mobie25 27,5"" 300mm zwt mat",
809,frame h57 ultimate speed hmb disc,
1163,a-licht riff export,
914,remunit naaf-a shim nex.im31,969.0
99,headbadge,
468,display purion anthracite bosch,
480,disc br.rear mt420 m/adapter 1600 j-kit,
680,bib.40/62 622/635 frans ventiel 60mm,
1182,a.bord 60mm zwt(m) r385 alu,
617,bosch y-cable powertube (pwr+can) 310mm,
1000,kabelklem kroonstuk rvs,
123,v.naaf shi 36g zvr v/rem nt,
1107,bib.40/62 622/635 frans ventiel,
143,discbrake front left ht474 1100mm kit pm,
921,a.bord zwt b50g r381 m/kabelgeleiding,
614,frame h65 orange bosch (2022),
1237,rear sprocket for belt cdxr26sru,
1344,v.drager bloom crown black matt,
570,balh.stel vp-mh203cz-cp chr,
1018,versteller shim.aslm3000rct acera,
368,a.bord 65mm zwt apollo ultimate 1.5,
446,afdekkap accu onderzijde esprit hms,
218,connector 3m-ur2,
376,"spaak 13-282-2,0 rvs 18/7",
34,speed sensor steps ksmdue11a 760mm,
388,disc brake front br-mt200 1000mm,
451,v.plateau,
924,kettingblad  48 tands bcd104 zwart flat,
501,frame l53 ultimate 1.5 hmb 625w (2023),
141,kett. shim. cn-lg500 120 schakels,
186,kabel bijeenhouder,
160,mont.set nex.8 ksm8s31a0250a,
244,adapter for disc brake magura qm40,
179,dragerbeugel 124mm zwt mat,
781,bosch drive unit active gen3 25km/h,
1219,slot axa block xxl + zwt powertube lock,
56,centerlockring for tektro rotor sttr55,
793,kopl. swingo xe 6-36 vdc zwt m/refl,
851,kett.scherm belt voorschaal grenoble 2.0,
1189,verw.a.pad r. cham. m/spanner zwt gean.,
1354,cable iot module-axa lock,
1204,frameplaat miss grace no-42,
1130,a.naaf env cargo 36g zwt discbr. nt,
1015,casting top cap tl-666 25.4 zw,
20,kettingscherm beugel velo makki frame,
775,drager zwt (m) paris pc v2,
119,koplamp avignon m/dagrijverlicht,
533,verw. a.pad r. bloom m/spanner zwt,
848,spatschermstang m33 356mm,
802,"shim 27,2 - 29,8",
1251,bel widek e-bike zwt,
582,kunststof strip tbv v.spatbord apollo,
489,binnenkab. 1500mm rvs,
62,frame l50 medeo hmb racktype gen3,
896,bosch kabel hmi 1300mm,
1125,frame h50 medeo hmb powertube gen4,
349,v.vork 1 1/8 1inch 50mm band 191mm,
130,starnut,
1292,frame l53 chamonix hms intube,
361,slot axa block xxl + intube slot shimano,
854,frame h57 geo-65 staal,
573,kett.schermmove 12 zwt ring zwt,
989,crown race k805-12,
461,a.drager 46-49cm zwt (m) bosch 2020,
1188,bub 35-622 zwt/zwt sch spicer,485.0
1146,k.k.beugel (acht.) t.strip finura no:65,
439,bub 42-622 zwt/zwt con city ride,
1284,sr essenza plus moderate zwt met gel,
112,design  cover right/bottom bes3,
174,frameplaat miss grace no-49,
942,standaard massload ga-ka85 zwt 2 poot,
1056,"rubber shim 22,2mm(bosch) set/4 st.",
816,bosch lichtkabel rear 1400mm,
611,disc brake rear bl-mt200 1350mm,
635,frame l53 paris hmb (2022),
1126,spatschermstang 330mm 26'',
436,"bosch displaykit 31,8 for bhu3200",
117,accu kap medeo klik en schroef bev.,
369,screw for guide rail m5x9,
333,v.bord 51mm zwt (m) ecotech,
1152,a.naaf shi 36g zwt rbr nt nex-7,
335,zadelbrooks 910 b-67 cre heren z/strop,
227,handvat basis 100mm dr.b links zwt,
205,rubber kabeldoorvoer bracket shim steps,
147,frame h57 ultimate beltdrive (2015),
567,vloermat box,
442,a-licht brasa e-bike 6-12v 80mm,
7,handvat dd36bl 125/22mm links zwt/zwt,
1369,reflector set usa,
196,dragerbeugel 104mm zwt mat,
303,verw.a.pad r. cham. z/spanner zwt gean.,
1205,v.vork direct mount 50-622 246mm,
213,blokkering uitvalbeveil. bosch pt bes3,
